Date,DayNum,StID,StName,Timestamp(ms),Trip,VehId,ac_power_kw,ac_power_w,accel,distance,elev_delta,elevation_m,heater_w,hv_current_a,hv_soc_percent,hv_voltage_v,lat,lon,motion_idx,prcp,soc_delta,speed,tmax,tmin
2018-08-24,295.527055593,USW00094847,Detroit,10000,2949,10,,250.0,0.0,0.21152017715335256,0.0,257,0.0,-2.5833333333333335,100.0,394.9166666666667,42.2777844444,-83.7487819444,0,0.0,0.0,0.0,80.1,59.0
2018-08-24,295.527055593,USW00094847,Detroit,14000,2949,10,,250.0,0.2623237719352216,0.161410635037047,1.0,257,0.0,-25.428571428571427,100.0,393.7857142857143,42.2777522222,-83.7488419444,6,0.0,0.0,20.6199989319,80.1,59.0
2018-08-24,295.527055593,USW00094847,Detroit,17100,2949,10,,250.0,0.11711869588706678,0.3500725070705312,0.0,258,0.0,-43.785714285714285,100.0,392.42857142857144,42.2777383333,-83.7486830556,13,0.0,0.0,30.5499992371,80.1,59.0
2018-08-24,295.527055593,USW00094847,Detroit,20000,2949,10,,250.0,0.0650623416810009,0.3704657408324909,0.0,258,0.0,-9.9,100.0,391.0,42.2776958333,-83.7484219444,20,0.0,0.0,28.8899993896,80.1,59.0
2018-08-24,295.527055593,USW00094847,Detroit,23200,2949,10,,250.0,0.08971094284708134,0.1753662142876539,0.0,258,0.0,0.6666666666666666,100.0,392.75,42.2776491667,-83.7481619444,25,0.0,0.0,23.8699989319,80.1,59.0
2018-08-24,295.527055593,USW00094847,Detroit,26400,2949,10,,250.0,0.1370852645900842,0.11731617584950227,1.0,258,0.0,5.785714285714286,100.0,394.5,42.2776411111,-83.74796472220001,31,0.0,0.0,12.429999351500001,80.1,59.0
2018-08-24,295.527055593,USW00094847,Detroit,29400,2949,10,,250.0,0.20856186839099974,0.07030261096050328,0.0,259,0.0,1.75,100.0,394.9166666666667,42.2776344444,-83.7478361111,38,0.0,0.0,7.69000005722,80.1,59.0
2018-08-24,295.527055593,USW00094847,Detroit,32500,2949,10,,250.0,0.39083053145155017,0.13635696764400396,0.0,259,0.0,-6.125,100.0,394.75,42.2776313889,-83.7477566667,44,0.0,0.0,15.289999961900001,80.1,59.0
2018-08-24,295.527055593,USW00094847,Detroit,34800,2949,10,,250.0,0.09685184439185499,1.2948686355532235,0.0,259,0.0,-54.7,100.0,394.0,42.2776494444,-83.74767055560001,52,0.0,0.0,30.109998703000002,80.1,59.0
2018-08-24,295.527055593,USW00094847,Detroit,37900,2949,10,,250.0,0.06940878007429079,1.8004057234633388,2.0,259,0.0,-30.166666666666668,100.0,393.5,42.2778491667,-83.7473880556,57,0.0,0.0,35.25,80.1,59.0
2018-08-24,295.527055593,USW00094847,Detroit,41000,2949,10,,250.0,0.08533034159658291,1.8282319676758407,0.0,261,0.0,-6.928571428571429,100.0,393.0,42.2781316667,-83.7473333333,63,0.0,0.0,36.5,80.1,59.0
2018-08-24,295.527055593,USW00094847,Detroit,44000,2949,10,,250.0,0.06867573955340614,1.8140077398244598,0.0,261,0.0,-9.0,100.0,393.3333333333333,42.2784186111,-83.7473097222,70,0.0,0.0,36.1399993896,80.1,59.0
2018-08-24,295.527055593,USW00094847,Detroit,47200,2949,10,,250.0,0.06960522939051529,1.6939646988137107,0.0,261,0.0,0.08333333333333333,100.0,393.6666666666667,42.2787033333,-83.747295,76,0.0,0.0,34.3099975586,80.1,59.0
2018-08-24,295.527055593,USW00094847,Detroit,50400,2949,10,,250.0,0.09360984524343019,1.375087375357564,0.0,261,0.0,15.571428571428571,100.0,394.0,42.2789691667,-83.74733527779999,82,0.0,0.0,22.6399993896,80.1,59.0
2018-08-24,295.527055593,USW00094847,Detroit,63200,2949,10,,250.0,0.09612456849353349,1.3459747052566706,0.0,261,0.0,4.833333333333333,100.0,394.5,42.279185,-83.7473425,89,0.0,0.0,0.0,80.1,59.0
2018-08-24,295.527055593,USW00094847,Detroit,68000,2949,10,,250.0,0.30755991236647645,0.9222641717038779,0.0,261,0.0,-17.714285714285715,100.0,393.42857142857144,42.2793958333,-83.74724,101,0.0,0.0,17.6399993896,80.1,59.0
2018-08-24,295.527055593,USW00094847,Detroit,71100,2949,10,,250.0,0.15251436901194862,1.1986166940107672,1.0,261,0.0,-37.0625,100.0,392.4375,42.2795405556,-83.747215,108,0.0,0.0,28.92000007630001,80.1,59.0
2018-08-24,295.527055593,USW00094847,Detroit,74200,2949,10,,250.0,0.0918427635608534,1.7308087470014029,0.0,262,0.0,-35.0,100.0,391.5,42.279728611100005,-83.7471730556,116,0.0,0.0,37.0200004578,80.1,59.0
2018-08-24,295.527055593,USW00094847,Detroit,77300,2949,10,,250.0,0.09181935089417868,1.91130562190105,0.0,262,0.0,-18.6875,100.0,392.125,42.2800002778,-83.7471630556,123,0.0,0.0,39.2299995422,80.1,59.0
2018-08-24,295.527055593,USW00094847,Detroit,80400,2949,10,,250.0,0.07655584307675399,1.839137237765696,5.0,262,0.0,-9.142857142857142,100.0,392.5,42.2803002778,-83.7471575,131,0.0,0.0,39.1699981689,80.1,59.0
2018-08-24,295.527055593,USW00094847,Detroit,83400,2949,10,,250.0,0.07649258636888909,1.7893723104498218,0.0,267,0.0,-2.7142857142857144,100.0,392.92857142857144,42.2805888889,-83.74720333329998,138,0.0,0.0,35.6399993896,80.1,59.0
2018-08-24,295.527055593,USW00094847,Detroit,86500,2949,10,,250.0,0.08935987783311983,1.4442081739351025,0.0,267,0.0,16.357142857142858,100.0,393.57142857142856,42.280869722199995,-83.74717249999998,145,0.0,0.0,26.6999988556,80.1,59.0
2018-08-24,295.527055593,USW00094847,Detroit,88600,2949,10,,250.0,0.07436591705866523,0.734498402989895,0.0,267,0.0,14.7,100.0,395.0,42.281096388899996,-83.7471944444,152,0.0,0.0,12.8400001526,80.1,59.0
2018-08-24,295.527055593,USW00094847,Detroit,119000,2949,10,,250.0,0.08591065742581003,0.13617336970585392,0.0,267,0.0,-0.025,100.0,394.55,42.2812116667,-83.74718277779999,157,0.0,0.0,0.0,80.1,59.0
2018-08-24,295.527055593,USW00094847,Detroit,138800,2949,10,,250.0,0.0,0.19818387880902466,0.0,267,0.0,-1.7142857142857142,100.0,394.5,42.2812083333,-83.7473452778,177,0.0,0.0,0.0,80.1,59.0
2018-08-24,295.527055593,USW00094847,Detroit,143900,2949,10,,250.0,0.3928442716896053,0.6778038378704665,-8.0,267,0.0,-25.1875,100.0,393.375,42.2811788889,-83.7474225,184,0.0,0.0,19.8699989319,80.1,59.0
2018-08-24,295.527055593,USW00094847,Detroit,147200,2949,10,,250.0,0.121852483565404,1.269174781212219,0.0,259,0.0,-37.142857142857146,100.0,392.57142857142856,42.2812852778,-83.7474219444,192,0.0,0.0,30.6499996185,80.1,59.0
2018-08-24,295.527055593,USW00094847,Detroit,150300,2949,10,,250.0,0.07651097851971152,1.5238131390152254,0.0,259,0.0,-14.0,100.0,392.0,42.2814844444,-83.7473894444,199,0.0,0.0,33.340000152600005,80.1,59.0
2018-08-24,295.527055593,USW00094847,Detroit,153400,2949,10,,250.0,0.11059769418631714,1.3450265070075629,0.0,259,0.0,12.3125,100.0,393.875,42.2817236111,-83.7473702778,205,0.0,0.0,28.92000007630001,80.1,59.0
2018-08-24,295.527055593,USW00094847,Detroit,156400,2949,10,,250.0,0.049248583710863277,1.0550122275793477,-3.0,259,0.0,12.0,100.0,395.0,42.2819347222,-83.7473580556,213,0.0,0.0,13.4399995804,80.1,59.0
2018-08-24,295.527055593,USW00094847,Detroit,159500,2949,10,,250.0,0.22292528431182548,0.2507833645209596,0.0,256,0.0,8.333333333333334,100.0,395.0,42.282100277800005,-83.7473297222,217,0.0,0.0,6.19000005722,80.1,59.0
2018-08-24,295.527055593,USW00094847,Detroit,162000,2949,10,,250.0,0.14529806319324057,0.8094580681966044,0.0,256,0.0,-30.3,100.0,394.1,42.2821391667,-83.7472825,223,0.0,0.0,20.9399986267,80.1,59.0
2018-08-24,295.527055593,USW00094847,Detroit,164800,2949,10,,250.0,0.08685364831978512,1.4374888191326094,0.0,256,0.0,-47.0,100.0,390.5,42.2822661111,-83.7472416667,228,0.0,0.0,34.0299987793,80.1,59.0
2018-08-24,295.527055593,USW00094847,Detroit,167900,2949,10,,250.0,0.08383909987952379,1.5983118635905074,0.0,256,0.0,-19.571428571428573,100.0,391.14285714285717,42.282491666700004,-83.7471966667,234,0.0,0.0,35.1499977112,80.1,59.0
2018-08-24,295.527055593,USW00094847,Detroit,171000,2949,10,,250.0,0.09042093587546639,1.3149814875451589,-1.0,256,0.0,15.428571428571429,100.0,392.0,42.2827425,-83.74716194439999,241,0.0,0.0,25.279998779299998,80.1,59.0
2018-08-24,295.527055593,USW00094847,Detroit,176000,2949,10,,250.0,0.11957172035869229,0.5610944171953646,0.0,255,0.0,7.05,100.0,394.25,42.2829488889,-83.74714444439999,248,0.0,0.0,0.0,80.1,59.0
2018-08-24,295.527055593,USW00094847,Detroit,179100,2949,10,,250.0,0.23145440697821895,0.5134791054234008,0.0,255,0.0,-25.333333333333332,100.0,393.25,42.2830369444,-83.7471319444,258,0.0,0.0,19.3199996948,80.1,59.0
2018-08-24,295.527055593,USW00094847,Detroit,182000,2949,10,,250.0,0.10026819183338312,0.5335362215741033,0.0,255,0.0,-49.166666666666664,100.0,392.5,42.283117499999996,-83.7471519444,264,0.0,0.0,34.4199981689,80.1,59.0
2018-08-24,295.527055593,USW00094847,Detroit,185300,2949,10,,250.0,0.06700394850446173,0.3976023915530312,0.0,255,0.0,-28.5,100.0,390.0,42.283196111100004,-83.7473775,270,0.0,0.0,38.969997406,80.1,59.0
2018-08-24,295.527055593,USW00094847,Detroit,188300,2949,10,,250.0,0.06719020512373111,0.2553097464353092,0.0,255,0.0,17.833333333333332,100.0,393.3333333333333,42.2832361111,-83.7477519444,276,0.0,0.0,26.579999923699997,80.1,59.0
2018-08-24,295.527055593,USW00094847,Detroit,192000,2949,10,,250.0,0.05652177874315089,0.10708889096114124,0.0,255,0.0,1.7142857142857142,100.0,394.57142857142856,42.2832408333,-83.7480630556,282,0.0,0.0,0.0,80.1,59.0
2018-08-24,295.527055593,USW00094847,Detroit,199100,2949,10,,250.0,0.46209381714258535,0.11194990257873937,0.0,255,0.0,-5.9,100.0,393.1,42.2832519444,-83.7481616667,289,0.0,0.0,0.0,80.1,59.0
2018-08-24,295.527055593,USW00094847,Detroit,203200,2949,10,,250.0,0.44531750607990844,0.3686652330841704,0.0,255,0.0,-21.875,100.0,393.25,42.2832658333,-83.7482458333,299,0.0,0.0,15.219999313399999,80.1,59.0
2018-08-24,295.527055593,USW00094847,Detroit,206100,2949,10,,250.0,0.11073372516347027,1.2463039914523464,0.0,255,0.0,-26.5,100.0,392.0,42.2833233333,-83.7482966667,307,0.0,0.0,28.849998474099998,80.1,59.0
2018-08-24,295.527055593,USW00094847,Detroit,209200,2949,10,,250.0,0.08833157118901062,0.7665836815298953,0.0,255,0.0,12.0,100.0,390.0,42.2835188889,-83.7482569444,313,0.0,0.0,11.149999618499999,80.1,59.0
2018-08-24,295.527055593,USW00094847,Detroit,212500,2949,10,,250.0,0.23078868389901008,0.08127789354079233,0.0,255,0.0,1.1666666666666667,100.0,391.75,42.2836391667,-83.7482308333,319,0.0,0.0,8.63999938965,80.1,59.0
2018-08-24,295.527055593,USW00094847,Detroit,214700,2949,10,,250.0,0.15150831520853422,0.15484813846082818,0.0,255,0.0,-18.0,100.0,392.5,42.2836516667,-83.74821083329998,325,0.0,0.0,11.699999809300001,80.1,59.0
2018-08-24,295.527055593,USW00094847,Detroit,242400,2949,10,,250.0,0.22209752397949645,0.5888127421313315,0.0,255,0.0,-3.263157894736842,100.0,393.60526315789474,42.2836297222,-83.7481288889,329,0.0,0.0,0.0,80.1,59.0
2018-08-24,295.527055593,USW00094847,Detroit,274700,2949,10,,250.0,0.0,0.1436311018625251,0.0,255,0.0,-1.75,100.0,394.0,42.2837219444,-83.7481763889,348,0.0,0.0,0.0,80.1,59.0
2018-08-24,295.527055593,USW00094847,Detroit,304900,2949,10,,250.0,0.0,0.13293810645040074,0.0,255,0.0,-1.7692307692307692,100.0,394.15384615384613,42.2836994444,-83.7481652778,358,0.0,0.0,0.0,80.1,59.0
2018-08-24,295.527055593,USW00094847,Detroit,334000,2949,10,,250.0,0.0,0.2355632258698344,-3.0,255,0.0,-1.7,100.0,394.4,42.2837202778,-83.7481561111,371,0.0,0.0,0.0,80.1,59.0
2018-08-24,295.527055593,USW00094847,Detroit,365200,2949,10,,250.0,0.0,0.11503244844220807,0.0,252,0.0,-1.7307692307692308,100.0,394.5,42.283757222199995,-83.7481444444,381,0.0,0.0,0.0,80.1,59.0
2018-08-24,295.527055593,USW00094847,Detroit,394900,2949,10,,250.0,0.0,0.5540143242708853,3.0,252,0.0,-1.8333333333333333,100.0,394.46666666666664,42.283775277800004,-83.7481441667,394,0.0,0.0,0.0,80.1,59.0
2018-08-24,295.527055593,USW00094847,Detroit,397600,2949,10,,250.0,0.5188892632968477,0.10199369050261947,0.0,255,0.0,-2.9,100.0,394.0,42.2836936111,-83.7479097222,409,0.0,0.0,4.5199999809300015,80.1,59.0
2018-08-24,295.527055593,USW00094847,Detroit,399700,2949,10,,250.0,0.10592685964791405,0.058416723897402136,0.0,255,0.0,-10.5,100.0,393.5,42.2837086111,-83.7479536111,414,0.0,0.0,0.0,80.1,59.0
2018-08-24,295.527055593,USW00094847,Detroit,404400,2949,10,,250.0,0.30298465910298633,0.2707857471107193,0.0,255,0.0,-8.8125,100.0,392.25,42.2836994444,-83.7479552778,418,0.0,0.0,13.130000114400001,80.1,59.0
2018-08-24,295.527055593,USW00094847,Detroit,407500,2949,10,,250.0,0.2726463643347598,0.22267016280677515,0.0,255,0.0,-1.375,100.0,393.5625,42.2836619444,-83.7477983333,426,0.0,0.0,10.880000114400001,80.1,59.0
2018-08-24,295.527055593,USW00094847,Detroit,410400,2949,10,,250.0,0.1763105716554729,0.2471444023330811,0.0,255,0.0,-2.2,100.0,394.5,42.2836305556,-83.74767777779999,434,0.0,0.0,14.4399995804,80.1,59.0
2018-08-24,295.527055593,USW00094847,Detroit,412700,2949,10,,250.0,0.18926059124281577,0.8681237874035591,-1.0,255,0.0,-13.428571428571429,100.0,393.7857142857143,42.2836675,-83.747585,439,0.0,0.0,20.4899997711,80.1,59.0
2018-08-24,295.527055593,USW00094847,Detroit,416300,2949,10,,250.0,0.11279392127537427,0.9929899497467092,0.0,254,0.0,-0.25,100.0,393.75,42.2838036111,-83.7475347222,446,0.0,0.0,20.6599998474,80.1,59.0
2018-08-24,295.527055593,USW00094847,Detroit,418900,2949,10,,250.0,0.15892476358719615,0.7751388396553294,0.0,254,0.0,9.642857142857142,100.0,395.0,42.2839594444,-83.7475116667,452,0.0,0.0,17.4899997711,80.1,59.0
2018-08-24,295.527055593,USW00094847,Detroit,422000,2949,10,,250.0,0.1791941459018377,0.8199597684999554,0.0,254,0.0,-10.0,100.0,394.25,42.2840811111,-83.7475108333,459,0.0,0.0,22.6499996185,80.1,59.0
2018-08-24,295.527055593,USW00094847,Detroit,425100,2949,10,,250.0,0.10693814060958755,1.099048156581784,0.0,254,0.0,-10.416666666666666,100.0,393.0,42.284209722199996,-83.7474727778,467,0.0,0.0,23.709999084499998,80.1,59.0
2018-08-24,295.527055593,USW00094847,Detroit,428200,2949,10,,250.0,0.128163055542142,1.1308562560493958,0.0,254,0.0,-3.5,100.0,393.7142857142857,42.2843822222,-83.7474597222,473,0.0,0.0,22.6800003052,80.1,59.0
2018-08-24,295.527055593,USW00094847,Detroit,431400,2949,10,,250.0,0.1448433498800431,0.8459522895902747,-3.0,254,0.0,8.642857142857142,100.0,394.14285714285717,42.2845597222,-83.74745611109999,480,0.0,0.0,12.5900001526,80.1,59.0
2018-08-24,295.527055593,USW00094847,Detroit,434400,2949,10,,250.0,0.24978315712108057,0.43763785568339664,0.0,251,0.0,2.25,100.0,395.0,42.2846925,-83.7474480556,487,0.0,0.0,8.88000011444,80.1,59.0
2018-08-24,295.527055593,USW00094847,Detroit,437500,2949,10,,250.0,0.1818358427046556,0.3139357536906716,0.0,251,0.0,-20.666666666666668,100.0,394.0,42.2847611111,-83.7474216667,493,0.0,0.0,20.6599998474,80.1,59.0
2018-08-24,295.527055593,USW00094847,Detroit,439600,2949,10,,250.0,0.06582371422440339,0.322138032250448,0.0,251,0.0,-26.75,100.0,393.0,42.2848083333,-83.7473102778,499,0.0,0.0,24.8799991608,80.1,59.0
2018-08-24,295.527055593,USW00094847,Detroit,442800,2949,10,,250.0,0.12979463498282895,0.07242337917361609,2.0,251,0.0,11.875,100.0,393.9375,42.2847666667,-83.7470836111,503,0.0,0.0,7.50999975204,80.1,59.0
2018-08-24,295.527055593,USW00094847,Detroit,445900,2949,10,,250.0,0.15501350422852758,0.3873702644350376,0.0,253,0.0,-23.833333333333332,100.0,394.5,42.2847630556,-83.7469983333,511,0.0,0.0,25.3500003815,80.1,59.0
2018-08-24,295.527055593,USW00094847,Detroit,449000,2949,10,,250.0,0.08852607046749342,1.2654067184710671,0.0,253,0.0,-17.166666666666668,100.0,391.0,42.2848225,-83.7468972222,517,0.0,0.0,27.5,80.1,59.0
2018-08-24,295.527055593,USW00094847,Detroit,452100,2949,10,,250.0,0.09985049861768175,0.7751655543839392,0.0,253,0.0,16.416666666666668,100.0,393.0,42.2850211111,-83.7468825,523,0.0,0.0,11.0,80.1,59.0
2018-08-24,295.527055593,USW00094847,Detroit,454300,2949,10,,250.0,0.09199380067199815,0.2603599794669033,0.0,253,0.0,1.9166666666666667,100.0,394.6666666666667,42.285142777800004,-83.74687444439999,529,0.0,0.0,0.0,80.1,59.0
2018-08-24,295.527055593,USW00094847,Detroit,458400,2949,10,,250.0,0.5159616724904117,0.44956282951610055,0.0,253,0.0,-10.857142857142858,100.0,393.57142857142856,42.2851836111,-83.7468875,535,0.0,0.0,11.449999809300001,80.1,59.0
2018-08-24,295.527055593,USW00094847,Detroit,461300,2949,10,,250.0,0.11074925752594227,1.3361475562363672,-3.0,253,0.0,-58.25,100.0,391.8333333333333,42.2852541667,-83.7468961111,542,0.0,0.0,33.6499977112,80.1,59.0
2018-08-24,295.527055593,USW00094847,Detroit,464400,2949,10,,250.0,0.05422312641904984,1.8971475687874881,0.0,250,0.0,-45.1,100.0,388.5,42.2854638889,-83.7469016667,548,0.0,0.0,42.7399978638,80.1,59.0
2018-08-24,295.527055593,USW00094847,Detroit,466700,2949,10,,250.0,0.05786159507645132,1.9697028533309704,0.0,250,0.0,-15.416666666666666,100.0,390.5,42.2857616667,-83.7468961111,553,0.0,0.0,44.4500007629,80.1,59.0
2018-08-24,295.527055593,USW00094847,Detroit,469600,2949,10,,250.0,0.05656377310601212,2.0624205659153625,-3.0,250,0.0,-4.666666666666667,100.0,392.5,42.2860708333,-83.7468922222,559,0.0,0.0,42.7599983215,80.1,59.0
2018-08-24,295.527055593,USW00094847,Detroit,473800,2949,10,,250.0,0.09565159320469638,2.325249556906872,0.0,247,0.0,0.6666666666666666,100.0,393.5,42.2863944444,-83.746825,565,0.0,0.0,37.9799995422,80.1,59.0
2018-08-24,295.527055593,USW00094847,Detroit,477100,2949,10,,250.0,0.0840937245365173,1.4136436991079848,0.0,247,0.0,18.142857142857142,100.0,394.42857142857144,42.2867586111,-83.7466302778,574,0.0,0.0,31.6399993896,80.1,59.0
2018-08-24,295.527055593,USW00094847,Detroit,480200,2949,10,,250.0,0.08054125420524677,1.3322278677043842,-5.0,247,0.0,11.083333333333334,100.0,395.0,42.286979722199995,-83.7464811111,581,0.0,0.0,33.0699996948,80.1,59.0
2018-08-24,295.527055593,USW00094847,Detroit,483200,2949,10,,250.0,0.08563244581186,1.48341478200245,1.0,242,0.0,-0.7857142857142857,100.0,394.42857142857144,42.2871883333,-83.746365,587,0.0,0.0,37.9399986267,80.1,59.0
2018-08-24,295.527055593,USW00094847,Detroit,486400,2949,10,,250.0,0.06799587048298594,1.2914010017719717,0.0,243,0.0,13.833333333333334,100.0,394.1666666666667,42.2874205556,-83.7462283333,594,0.0,0.0,28.7999992371,80.1,59.0
2018-08-24,295.527055593,USW00094847,Detroit,493400,2949,10,,250.0,0.08147469933199562,0.6077106404367261,0.0,243,0.0,5.2272727272727275,100.0,394.54545454545456,42.2876225,-83.74608694439999,600,0.0,0.0,0.0,80.1,59.0
2018-08-24,295.527055593,USW00094847,Detroit,497200,2949,10,,250.0,0.38623141031784713,0.2199059320451653,0.0,243,0.0,-2.8333333333333335,100.0,393.5833333333333,42.287717777800005,-83.74605,611,0.0,0.0,7.0399999618499995,80.1,59.0
2018-08-24,295.527055593,USW00094847,Detroit,500400,2949,10,,250.0,0.2006254036955039,0.9302675349409286,0.0,243,0.0,-25.857142857142858,100.0,392.7857142857143,42.2877519444,-83.7460102778,617,0.0,0.0,26.6299991608,80.1,59.0
2018-08-24,295.527055593,USW00094847,Detroit,502400,2949,10,,250.0,0.0499991679149226,1.3843927966505614,-7.0,243,0.0,-43.25,100.0,391.0,42.287897777800005,-83.7459511111,624,0.0,0.0,35.7099990845,80.1,59.0
2018-08-24,295.527055593,USW00094847,Detroit,505700,2949,10,,250.0,0.09182292679013634,0.9410777293576006,0.0,236,0.0,11.571428571428571,100.0,392.7142857142857,42.2881144444,-83.74581694439999,628,0.0,0.0,22.4300003052,80.1,59.0
2018-08-24,295.527055593,USW00094847,Detroit,518800,2949,10,,250.0,0.03452328196019244,0.5304064236479968,0.0,236,0.0,7.722222222222222,100.0,394.3333333333333,42.2882616667,-83.7457191667,635,0.0,0.0,0.0,80.1,59.0
2018-08-24,295.527055593,USW00094847,Detroit,522400,2949,10,,250.0,0.28698986952610406,0.33838564295232165,0.0,236,0.0,-26.666666666666668,100.0,393.5,42.288344722199994,-83.7456725,644,0.0,0.0,16.5499992371,80.1,59.0
2018-08-24,295.527055593,USW00094847,Detroit,525400,2949,10,,250.0,0.08462622835977873,0.5916882904242726,0.0,236,0.0,-121.25,100.0,390.1666666666667,42.2883969444,-83.74559361109999,650,0.0,0.0,40.4899978638,80.1,59.0
2018-08-24,295.527055593,USW00094847,Detroit,528500,2949,10,,250.0,0.051094599018858364,0.7851699904457209,0.0,236,0.0,-1.7,100.0,383.5,42.288311666700004,-83.7452941667,656,0.0,0.0,34.2599983215,80.1,59.0
2018-08-24,295.527055593,USW00094847,Detroit,530600,2949,10,,250.0,0.07353221849727452,0.7040433558462641,0.0,236,0.0,10.333333333333334,100.0,387.1666666666667,42.288195,-83.7449711111,661,0.0,0.0,29.48999977110001,80.1,59.0
2018-08-24,295.527055593,USW00094847,Detroit,533900,2949,10,,250.0,0.1111047661755241,0.271005776806446,0.0,236,0.0,17.928571428571427,100.0,394.5,42.2880894444,-83.7447052778,667,0.0,0.0,11.3899993896,80.1,59.0
2018-08-24,295.527055593,USW00094847,Detroit,538400,2949,10,,250.0,0.05967916629353367,0.11685862565236428,2.0,236,0.0,-1.8333333333333333,100.0,393.8333333333333,42.2880491667,-83.7445941667,674,0.0,0.0,0.0,80.1,59.0
2018-08-24,295.527055593,USW00094847,Detroit,541300,2949,10,,250.0,0.23396638956399968,0.3329373522437564,0.0,238,0.0,-41.5,100.0,392.6666666666667,42.2880313889,-83.7445575,680,0.0,0.0,22.579999923699997,80.1,59.0
2018-08-24,295.527055593,USW00094847,Detroit,544400,2949,10,,250.0,0.0844725233636802,0.760165299719062,2.0,238,0.0,-75.66666666666667,100.0,391.6666666666667,42.2879816667,-83.74442694439999,686,0.0,0.0,39.3499984741,80.1,59.0
2018-08-24,295.527055593,USW00094847,Detroit,546600,2949,10,,250.0,0.03628516319015581,0.9111270957973796,0.0,240,0.0,-57.375,100.0,387.5,42.2878686111,-83.7441175,692,0.0,0.0,44.4599990845,80.1,59.0
2018-08-24,295.527055593,USW00094847,Detroit,550800,2949,10,,250.0,0.0863655947484332,1.2880988323434683,0.0,240,0.0,-35.388888888888886,100.0,388.6111111111111,42.2877336111,-83.743735,696,0.0,0.0,47.2099990845,80.1,59.0
2018-08-24,295.527055593,USW00094847,Detroit,554400,2949,10,,250.0,0.06650381774861538,0.8763454805261145,0.0,240,0.0,5.785714285714286,100.0,390.07142857142856,42.2875427778,-83.74319444439999,705,0.0,0.0,39.1699981689,80.1,59.0
2018-08-24,295.527055593,USW00094847,Detroit,557000,2949,10,,250.0,0.08189185770027602,0.7778845871773218,0.0,240,0.0,19.714285714285715,100.0,393.5,42.2874133333,-83.7428183333,712,0.0,0.0,27.4300003052,80.1,59.0
2018-08-24,295.527055593,USW00094847,Detroit,560100,2949,10,,250.0,0.10229860356094352,0.7308228364273925,0.0,240,0.0,7.083333333333333,100.0,393.5,42.2872988889,-83.7424747222,719,0.0,0.0,21.8699989319,80.1,59.0
2018-08-24,295.527055593,USW00094847,Detroit,563200,2949,10,,250.0,0.10271718266339376,0.5517824177915389,0.0,240,0.0,-36.416666666666664,100.0,393.5,42.2871894444,-83.7421975,725,0.0,0.0,32.9300003052,80.1,59.0
2018-08-24,295.527055593,USW00094847,Detroit,566400,2949,10,,250.0,0.09917607389489581,1.1716681076676894,10.0,240,0.0,-56.0625,100.0,390.0625,42.2871055556,-83.7423711111,731,0.0,0.0,32.1800003052,80.1,59.0
2018-08-24,295.527055593,USW00094847,Detroit,569500,2949,10,,250.0,0.08450148293426453,0.622835007298688,0.0,250,0.0,0.16666666666666666,100.0,388.0,42.2869252778,-83.7426638889,739,0.0,0.0,16.6599998474,80.1,59.0
2018-08-24,295.527055593,USW00094847,Detroit,572500,2949,10,,250.0,0.16045721352392733,0.22247029658092013,-3.0,250,0.0,-4.5,100.0,392.5,42.2868297222,-83.74283,745,0.0,0.0,10.029999733,80.1,59.0
2018-08-24,295.527055593,USW00094847,Detroit,574700,2949,10,,250.0,0.10428454298365025,0.584019156637232,0.0,247,0.0,-34.0,100.0,391.25,42.2868033333,-83.74301388890001,751,0.0,0.0,19.4899997711,80.1,59.0
2018-08-24,295.527055593,USW00094847,Detroit,577800,2949,10,,250.0,0.10192444380318119,1.4766525475309649,-7.0,247,0.0,-88.14285714285714,100.0,390.0,42.286895,-83.7430094444,755,0.0,0.0,42.9199981689,80.1,59.0
2018-08-24,295.527055593,USW00094847,Detroit,580900,2949,10,,250.0,0.06104270218993934,1.496089733863712,0.0,240,0.0,-94.71428571428571,100.0,386.42857142857144,42.2871244444,-83.7427452778,762,0.0,0.0,56.9899978638,80.1,59.0
2018-08-24,295.527055593,USW00094847,Detroit,584000,2949,10,,250.0,0.04237610655955832,1.7013956865417432,-1.0,240,0.0,-76.41666666666667,100.0,385.0,42.2873544444,-83.74236305560001,769,0.0,0.0,62.2799987793,80.1,59.0
2018-08-24,295.527055593,USW00094847,Detroit,587200,2949,10,,250.0,0.05678009280267633,1.6996107105339282,0.0,239,0.0,-8.3125,100.0,386.75,42.287615,-83.7418897222,775,0.0,0.0,59.579998016400005,80.1,59.0
2018-08-24,295.527055593,USW00094847,Detroit,590300,2949,10,,250.0,0.051009450115269216,1.5863298807594524,-1.0,239,0.0,30.642857142857142,100.0,390.0,42.287875,-83.74140583329998,783,0.0,0.0,57.2999992371,80.1,59.0
2018-08-24,295.527055593,USW00094847,Detroit,593400,2949,10,,250.0,0.044009996068303976,1.6028300685331534,0.0,238,0.0,15.333333333333334,100.0,394.0,42.2881166667,-83.7409191667,790,0.0,0.0,58.4899978638,80.1,59.0
2018-08-24,295.527055593,USW00094847,Detroit,596500,2949,10,,250.0,0.04940801017113553,1.629819075074587,-3.0,238,0.0,-29.5,100.0,390.7857142857143,42.2883616667,-83.7404541667,796,0.0,0.0,62.86999893189999,80.1,59.0
2018-08-24,295.527055593,USW00094847,Detroit,598600,2949,10,,250.0,0.032173592888663304,1.771891093333675,4.0,235,0.0,2.6,100.0,389.5,42.288610277800004,-83.7399627778,803,0.0,0.0,61.270000457799995,80.1,59.0
2018-08-24,295.527055593,USW00094847,Detroit,601700,2949,10,,250.0,0.04197456617669622,1.5969100334397786,0.0,239,0.0,-10.0,100.0,391.5833333333333,42.2888819444,-83.7394763889,808,0.0,0.0,58.4899978638,80.1,59.0
2018-08-24,295.527055593,USW00094847,Detroit,604800,2949,10,,250.0,0.04332388715984605,1.4368006806323443,-2.0,239,0.0,-1.3333333333333333,100.0,392.25,42.2891258333,-83.73900305560001,814,0.0,0.0,53.1100006104,80.1,59.0
2018-08-24,295.527055593,USW00094847,Detroit,608000,2949,10,,250.0,0.061684116631853476,1.612628850475493,2.0,237,0.0,29.785714285714285,100.0,393.5,42.2893452778,-83.7385766667,820,0.0,0.0,38.0499992371,80.1,59.0
2018-08-24,295.527055593,USW00094847,Detroit,611100,2949,10,,250.0,0.09262175982291114,0.6263044911744604,0.0,239,0.0,21.928571428571427,100.0,394.07142857142856,42.2895961111,-83.7382977778,827,0.0,0.0,24.92000007630001,80.1,59.0
2018-08-24,295.527055593,USW00094847,Detroit,614200,2949,10,,250.0,0.11523533106466861,0.9078642817728668,-3.0,239,0.0,-11.071428571428571,100.0,394.5,42.289691388899996,-83.7380986111,834,0.0,0.0,23.8799991608,80.1,59.0
2018-08-24,295.527055593,USW00094847,Detroit,617300,2949,10,,250.0,0.09995143374767619,0.7553550918523361,0.0,236,0.0,-44.357142857142854,100.0,394.07142857142856,42.2895516667,-83.7378683333,841,0.0,0.0,42.7999992371,80.1,59.0
2018-08-24,295.527055593,USW00094847,Detroit,620400,2949,10,,250.0,0.059531668133699873,1.0587943961985409,0.0,236,0.0,-111.5,100.0,391.14285714285717,42.2894388889,-83.7375677778,848,0.0,0.0,59.8799972534,80.1,59.0
2018-08-24,295.527055593,USW00094847,Detroit,623500,2949,10,,250.0,0.0410724477110359,1.3807302801807295,2.0,236,0.0,-35.666666666666664,100.0,384.0,42.2892819444,-83.7371191667,855,0.0,0.0,61.309997558599996,80.1,59.0
2018-08-24,295.527055593,USW00094847,Detroit,625600,2949,10,,250.0,0.03289923214488045,1.3346484722134857,-2.0,238,0.0,6.1,100.0,387.2,42.2890752778,-83.7365844444,861,0.0,0.0,59.2799987793,80.1,59.0
2018-08-24,295.527055593,USW00094847,Detroit,629800,2949,10,,250.0,0.05586352576902927,1.3051873632262374,0.0,236,0.0,25.571428571428573,100.0,392.0,42.2888752778,-83.73607444439999,866,0.0,0.0,37.7099990845,80.1,59.0
2018-08-24,295.527055593,USW00094847,Detroit,632900,2949,10,,250.0,0.05771609092787503,1.0816646094217144,-1.0,236,0.0,-59.166666666666664,100.0,392.0,42.2886794444,-83.7355830556,873,0.0,0.0,50.8600006104,80.1,59.0
2018-08-24,295.527055593,USW00094847,Detroit,636000,2949,10,,250.0,0.05690810849952282,1.2822915305514977,0.0,235,0.0,-43.57142857142857,100.0,391.2857142857143,42.2885166667,-83.73518944439999,879,0.0,0.0,53.180000305200004,80.1,59.0
2018-08-24,295.527055593,USW00094847,Detroit,639200,2949,10,,250.0,0.05619207511784163,1.3440977508849223,1.0,235,0.0,-15.357142857142858,100.0,389.5,42.2883233333,-83.7347336111,886,0.0,0.0,54.409999847399995,80.1,59.0
2018-08-24,295.527055593,USW00094847,Detroit,642400,2949,10,,250.0,0.05486773245274122,1.2594970082531145,0.0,236,0.0,-25.142857142857142,100.0,389.5,42.288120277800004,-83.7342680556,893,0.0,0.0,55.079998016400005,80.1,59.0
2018-08-24,295.527055593,USW00094847,Detroit,645300,2949,10,,250.0,0.045694729517858905,1.5367563169397658,-4.0,236,0.0,-24.333333333333332,100.0,389.5,42.287932500000004,-83.7337661111,900,0.0,0.0,54.86999893189999,80.1,59.0
2018-08-24,295.527055593,USW00094847,Detroit,648400,2949,10,,250.0,0.045365836760296416,1.8330089724676581,0.0,232,0.0,-56.5,100.0,389.5,42.2876975,-83.73332527779999,906,0.0,0.0,56.0299987793,80.1,59.0
2018-08-24,295.527055593,USW00094847,Detroit,650700,2949,10,,250.0,0.044612713427182794,2.0912589190757287,-1.0,232,0.0,-50.75,100.0,387.75,42.2874141667,-83.7329208333,912,0.0,0.0,52.8999977112,80.1,59.0
2018-08-24,295.527055593,USW00094847,Detroit,653800,2949,10,,250.0,0.05590258082928989,1.1637306679783437,7.0,231,0.0,30.583333333333332,100.0,386.0,42.287087777800004,-83.7326394444,918,0.0,0.0,25.579999923699997,80.1,59.0
2018-08-24,295.527055593,USW00094847,Detroit,684500,2949,10,,250.0,0.08453346520515709,0.1938090652569276,0.0,238,0.0,1.375,100.0,391.1,42.2869052778,-83.7325777778,924,0.0,0.0,0.0,80.1,59.0
2018-08-24,295.527055593,USW00094847,Detroit,687400,2949,10,,250.0,0.5122950699534736,0.03725758316374648,0.0,238,0.0,-2.25,100.0,391.875,42.2868752778,-83.7326183333,944,0.0,0.0,4.8800001144400005,80.1,59.0
2018-08-24,295.527055593,USW00094847,Detroit,690400,2949,10,,250.0,0.20035916746609791,0.6811580602790049,0.0,238,0.0,-35.5,100.0,391.5,42.2868811111,-83.732615,948,0.0,0.0,22.459999084499998,80.1,59.0
2018-08-24,295.527055593,USW00094847,Detroit,692700,2949,10,,250.0,0.10102849661349239,1.1659433904385064,0.0,238,0.0,-42.166666666666664,100.0,390.25,42.2867744444,-83.73255638890001,954,0.0,0.0,27.979999542199998,80.1,59.0
2018-08-24,295.527055593,USW00094847,Detroit,695800,2949,10,,250.0,0.06435714504433684,0.6578491533985621,0.0,238,0.0,-31.1,100.0,389.0,42.2865919444,-83.7324469444,960,0.0,0.0,31.98999977110001,80.1,59.0
2018-08-24,295.527055593,USW00094847,Detroit,698800,2949,10,,250.0,0.08064791774009997,0.4001861800083801,-1.0,238,0.0,-97.07142857142857,100.0,390.42857142857144,42.2864936111,-83.7321941667,965,0.0,0.0,56.4199981689,80.1,59.0
2018-08-24,295.527055593,USW00094847,Detroit,702100,2949,10,,250.0,0.04409588094344456,0.6434230967689497,-1.0,237,0.0,-200.21428571428572,100.0,391.5,42.2864919444,-83.73169055560001,972,0.0,0.0,80.0599975586,80.1,59.0
2018-08-24,295.527055593,USW00094847,Detroit,705200,2949,10,,250.0,0.037549584190178245,0.9245273081831266,1.0,236,0.0,-12.0,100.0,386.5,42.2865436111,-83.7309944444,979,0.0,0.0,78.7399978638,80.1,59.0
2018-08-24,295.527055593,USW00094847,Detroit,708400,2949,10,,250.0,0.03832370424645848,0.8637870843001272,-2.0,237,0.0,-5.071428571428571,100.0,388.0,42.2866513889,-83.73021444439999,986,0.0,0.0,77.2900009155,80.1,59.0
2018-08-24,295.527055593,USW00094847,Detroit,711200,2949,10,,250.0,0.02578703858691401,0.6023353278464452,2.0,235,0.0,-30.7,100.0,390.0,42.2867494444,-83.7294622222,993,0.0,0.0,78.0499954224,80.1,59.0
2018-08-24,295.527055593,USW00094847,Detroit,714400,2949,10,,250.0,0.03829016175193997,0.6274513073450074,0.0,237,0.0,-22.357142857142858,100.0,389.42857142857144,42.2867541667,-83.7287033333,998,0.0,0.0,78.6999969482,80.1,59.0
2018-08-24,295.527055593,USW00094847,Detroit,717500,2949,10,,250.0,0.031764017463009435,0.7104585984428321,-5.0,237,0.0,-14.0,100.0,389.0,42.2867747222,-83.7279291667,1005,0.0,0.0,78.5199966431,80.1,59.0
2018-08-24,295.527055593,USW00094847,Detroit,719800,2949,10,,250.0,0.03187916434872816,0.701824932458296,0.0,232,0.0,-25.5,100.0,389.5,42.2868338889,-83.7271691667,1011,0.0,0.0,78.1299972534,80.1,59.0
2018-08-24,295.527055593,USW00094847,Detroit,724000,2949,10,,250.0,0.044606696095602576,0.8441896179234025,2.0,232,0.0,-50.9375,100.0,388.25,42.28688,-83.72636444439999,1017,0.0,0.0,80.16999816890001,80.1,59.0
2018-08-24,295.527055593,USW00094847,Detroit,727100,2949,10,,250.0,0.03719694428762817,0.6509752151643035,3.0,234,0.0,-47.92857142857143,100.0,387.0,42.2868908333,-83.7253019444,1025,0.0,0.0,80.3699951172,80.1,59.0
2018-08-24,295.527055593,USW00094847,Detroit,730200,2949,10,,250.0,0.037572769661894254,0.6523544198839742,0.0,237,0.0,-36.07142857142857,100.0,387.42857142857144,42.286913055599996,-83.7244994444,1032,0.0,0.0,79.1100006104,80.1,59.0
2018-08-24,295.527055593,USW00094847,Detroit,732300,2949,10,,250.0,0.025293053960746083,0.427074197799144,0.0,237,0.0,-43.9,100.0,387.5,42.2869427778,-83.7237108333,1039,0.0,0.0,78.939994812,80.1,59.0
2018-08-24,295.527055593,USW00094847,Detroit,736400,2949,10,,250.0,0.05085262971913432,0.8308208151603429,-3.0,237,0.0,-32.77777777777778,100.0,387.5,42.2869536111,-83.7231783333,1044,0.0,0.0,78.4799957275,80.1,59.0
2018-08-24,295.527055593,USW00094847,Detroit,739300,2949,10,,250.0,0.03867659832599411,0.6495339127246679,1.0,234,0.0,-15.071428571428571,100.0,388.35714285714283,42.2869716667,-83.7221386111,1053,0.0,0.0,72.9599990845,80.1,59.0
2018-08-24,295.527055593,USW00094847,Detroit,742400,2949,10,,250.0,0.03566183809468851,0.5936263834525859,3.0,235,0.0,50.5,100.0,389.0,42.2870119444,-83.7213844444,1060,0.0,0.0,60.6099967957,80.1,59.0
2018-08-24,295.527055593,USW00094847,Detroit,744800,2949,10,,250.0,0.05046179332021962,0.4910053246803676,13.0,238,0.0,48.785714285714285,100.0,392.57142857142856,42.2870575,-83.7207297222,1066,0.0,0.0,50.9899978638,80.1,59.0
2018-08-24,295.527055593,USW00094847,Detroit,747900,2949,10,,250.0,0.05187230757891559,0.5356479205049051,0.0,251,0.0,24.083333333333332,100.0,393.9166666666667,42.2870986111,-83.7202044444,1073,0.0,0.0,40.3499984741,80.1,59.0
2018-08-24,295.527055593,USW00094847,Detroit,751000,2949,10,,250.0,0.0820495920378173,0.30842778677651983,-4.0,251,0.0,21.857142857142858,100.0,393.5,42.2871611111,-83.7197511111,1079,0.0,0.0,25.8199996948,80.1,59.0
2018-08-24,295.527055593,USW00094847,Detroit,759700,2949,10,,250.0,0.08510813628496004,0.16563646632539272,0.0,247,0.0,5.8,100.0,392.45,42.2871961111,-83.71948138890001,1086,0.0,0.0,0.0,80.1,59.0
2018-08-24,295.527055593,USW00094847,Detroit,762600,2949,10,,250.0,0.3101764529575818,0.16512935773345908,0.0,247,0.0,-26.916666666666668,100.0,390.8333333333333,42.2871769444,-83.7193397222,1096,0.0,0.0,13.619999885599999,80.1,59.0
2018-08-24,295.527055593,USW00094847,Detroit,766500,2949,10,,250.0,0.08178145553356704,0.3322872527007283,0.0,247,0.0,-45.1,100.0,390.1,42.2871986111,-83.719225,1102,0.0,0.0,28.579999923699997,80.1,59.0
2018-08-24,295.527055593,USW00094847,Detroit,768800,2949,10,,250.0,0.08084413270441655,1.176150173860365,0.0,247,0.0,-41.416666666666664,100.0,388.5,42.2872411111,-83.71898111109999,1107,0.0,0.0,34.2099990845,80.1,59.0
2018-08-24,295.527055593,USW00094847,Detroit,772900,2949,10,,250.0,0.09799620697328244,2.9696409311765413,0.0,247,0.0,-76.88888888888889,100.0,386.27777777777777,42.2874244444,-83.7188061111,1113,0.0,0.0,49.579998016400005,80.1,59.0
2018-08-24,295.527055593,USW00094847,Detroit,775000,2949,10,,250.0,0.03916346676497717,1.6629873806548492,2.0,247,0.0,-65.7,100.0,384.5,42.2878905556,-83.718785,1122,0.0,0.0,53.6699981689,80.1,59.0
2018-08-24,295.527055593,USW00094847,Detroit,779200,2949,10,,250.0,0.05987909931832758,3.679085337393015,0.0,249,0.0,-65.125,100.0,384.5,42.2881513889,-83.7188661111,1127,0.0,0.0,61.36999893189999,80.1,59.0
2018-08-24,295.527055593,USW00094847,Detroit,782300,2949,10,,250.0,0.04973782905157024,2.746116277495226,4.0,249,0.0,-34.5,100.0,385.57142857142856,42.2887283333,-83.71906750000002,1135,0.0,0.0,58.699996948199995,80.1,59.0
2018-08-24,295.527055593,USW00094847,Detroit,785400,2949,10,,250.0,0.0517382645867808,2.6235849488968856,0.0,253,0.0,-35.642857142857146,100.0,387.0,42.2891591667,-83.719175,1142,0.0,0.0,56.59000015260001,80.1,59.0
2018-08-24,295.527055593,USW00094847,Detroit,788500,2949,10,,250.0,0.05497123088821043,2.0927205184696858,-1.0,253,0.0,4.857142857142857,100.0,388.07142857142856,42.2895708333,-83.71908861109999,1149,0.0,0.0,46.0299987793,80.1,59.0
2018-08-24,295.527055593,USW00094847,Detroit,790600,2949,10,,250.0,0.04637991350474683,1.2399282026533909,4.0,252,0.0,38.5,100.0,388.5,42.2898977778,-83.7188277778,1156,0.0,0.0,34.3699989319,80.1,59.0
2018-08-24,295.527055593,USW00094847,Detroit,793700,2949,10,,250.0,0.08834175105021155,0.4283711801659553,0.0,256,0.0,38.214285714285715,100.0,392.07142857142856,42.290090277800005,-83.71859138890001,1161,0.0,0.0,7.75999975204,80.1,59.0
2018-08-24,295.527055593,USW00094847,Detroit,796900,2949,10,,250.0,0.19619638939021922,0.6653399846688127,0.0,256,0.0,-39.785714285714285,100.0,391.35714285714283,42.2901569444,-83.7185191667,1168,0.0,0.0,27.219999313400002,80.1,59.0
2018-08-24,295.527055593,USW00094847,Detroit,800000,2949,10,,250.0,0.08453713503676445,0.5786030855761106,0.0,256,0.0,-82.92857142857143,100.0,386.0,42.2902594444,-83.7183538889,1175,0.0,0.0,43.75,80.1,59.0
2018-08-24,295.527055593,USW00094847,Detroit,803100,2949,10,,250.0,0.06614208956596149,0.3638531277004938,2.0,256,0.0,-33.0,100.0,386.57142857142856,42.2903411111,-83.7180252778,1182,0.0,0.0,47.4199981689,80.1,59.0
2018-08-24,295.527055593,USW00094847,Detroit,806200,2949,10,,250.0,0.06366760893859905,0.3491574181912175,0.0,258,0.0,-8.785714285714286,100.0,387.0,42.2903405556,-83.7175527778,1189,0.0,0.0,43.930000305200004,80.1,59.0
2018-08-24,295.527055593,USW00094847,Detroit,809300,2949,10,,250.0,0.07058870490153733,0.32423211356018594,1.0,258,0.0,5.571428571428571,100.0,390.0,42.2903461111,-83.7171016667,1196,0.0,0.0,38.659999847399995,80.1,59.0
2018-08-24,295.527055593,USW00094847,Detroit,812400,2949,10,,250.0,0.07609371927772061,0.3269145736253445,0.0,259,0.0,-27.428571428571427,100.0,389.5,42.2903375,-83.7166866667,1203,0.0,0.0,42.7900009155,80.1,59.0
2018-08-24,295.527055593,USW00094847,Detroit,815500,2949,10,,250.0,0.04496383207307153,0.3698574106764321,1.0,259,0.0,-54.2,100.0,387.0,42.2903227778,-83.71628,1210,0.0,0.0,48.5499992371,80.1,59.0
2018-08-24,295.527055593,USW00094847,Detroit,817600,2949,10,,250.0,0.03994703139906544,0.40954483146947546,0.0,260,0.0,-58.9,100.0,386.2,42.2903061111,-83.71582,1215,0.0,0.0,52.6499977112,80.1,59.0
2018-08-24,295.527055593,USW00094847,Detroit,821400,2949,10,,250.0,0.05594238097982634,0.43901237315506,0.0,260,0.0,-28.071428571428573,99.26829528809999,385.0,42.2902980556,-83.7152925,1220,0.0,-0.7317047119000079,54.0099983215,80.1,59.0
2018-08-24,295.527055593,USW00094847,Detroit,823900,2949,10,,250.0,0.05569169889649437,0.4146271246384695,1.0,260,0.0,-11.571428571428571,99.26829528809999,387.0,42.2902791667,-83.7147444444,1227,0.0,0.0,52.1499977112,80.1,59.0
2018-08-24,295.527055593,USW00094847,Detroit,827000,2949,10,,250.0,0.05852859014110746,0.3915424450425658,-1.0,261,0.0,1.2857142857142858,99.26829528809999,388.7142857142857,42.2902675,-83.714215,1234,0.0,0.0,49.2999992371,80.1,59.0
2018-08-24,295.527055593,USW00094847,Detroit,830100,2949,10,,250.0,0.06713010976511119,0.31867242746250324,0.0,260,0.0,32.214285714285715,99.26829528809999,390.0,42.2902536111,-83.71372,1241,0.0,0.0,31.909999847399998,80.1,59.0
2018-08-24,295.527055593,USW00094847,Detroit,833200,2949,10,,250.0,0.10379822401893088,0.20368194044085616,0.0,260,0.0,47.142857142857146,99.26829528809999,392.2857142857143,42.2902611111,-83.7133111111,1248,0.0,0.0,9.5999994278,80.1,59.0
2018-08-24,295.527055593,USW00094847,Detroit,837400,2949,10,,250.0,0.15221609831789912,0.38976791714125697,1.0,260,0.0,-88.2,99.26829528809999,389.95,42.2902538889,-83.7130536111,1255,0.0,0.0,46.909999847399995,80.1,59.0
2018-08-24,295.527055593,USW00094847,Detroit,839500,2949,10,,250.0,0.029989137191217787,0.5163597088903878,0.0,261,0.0,-125.875,99.26829528809999,380.5,42.2902808333,-83.7125994444,1265,0.0,0.0,54.309997558599996,80.1,59.0
2018-08-24,295.527055593,USW00094847,Detroit,842600,2949,10,,250.0,0.05328343622366235,2.7929634692143117,5.0,261,0.0,-88.64285714285714,99.26829528809999,381.35714285714283,42.2903544444,-83.7123188889,1269,0.0,0.0,59.2599983215,80.1,59.0
2018-08-24,295.527055593,USW00094847,Detroit,845700,2949,10,,250.0,0.04168317095034562,2.38450757479657,0.0,266,0.0,-63.333333333333336,99.26829528809999,382.5,42.2907902778,-83.7119272222,1276,0.0,0.0,61.1099967957,80.1,59.0
2018-08-24,295.527055593,USW00094847,Detroit,848800,2949,10,,250.0,0.04883614095339845,2.420811035812352,5.0,266,0.0,-29.857142857142858,99.26829528809999,384.5,42.2911644444,-83.71185222220001,1282,0.0,0.0,62.930000305200004,80.1,59.0
2018-08-24,295.527055593,USW00094847,Detroit,852200,2949,10,,250.0,0.055444245628422054,2.4541456928417302,-7.0,271,0.0,19.125,99.26829528809999,386.75,42.2915438889,-83.7120194444,1289,0.0,0.0,60.5499992371,80.1,59.0
2018-08-24,295.527055593,USW00094847,Detroit,855100,2949,10,,250.0,0.04358235845084162,2.6350611426634445,4.0,264,0.0,22.75,99.26829528809999,392.0,42.2919275,-83.7123125,1297,0.0,0.0,51.2099990845,80.1,59.0
2018-08-24,295.527055593,USW00094847,Detroit,858200,2949,10,,250.0,0.057775315341675626,2.4358034726443054,0.0,268,0.0,-30.357142857142858,99.26829528809999,389.42857142857144,42.2923408333,-83.71243777779999,1303,0.0,0.0,52.8899993896,80.1,59.0
2018-08-24,295.527055593,USW00094847,Detroit,861400,2949,10,,250.0,0.058540308677688724,2.286572626724232,4.0,268,0.0,2.0714285714285716,99.26829528809999,386.0,42.2927230556,-83.7123625,1310,0.0,0.0,42.75,80.1,59.0
2018-08-24,295.527055593,USW00094847,Detroit,864400,2949,10,,250.0,0.0621494327645628,1.5343584767047158,0.0,272,0.0,32.0,99.26829528809999,390.5833333333333,42.2930819444,-83.7123352778,1317,0.0,0.0,22.969999313400002,80.1,59.0
2018-08-24,295.527055593,USW00094847,Detroit,867800,2949,10,,250.0,0.08701611223793283,0.635565936287985,0.0,272,0.0,20.38888888888889,98.7804870605,391.0,42.2933227778,-83.7123283333,1323,0.0,-0.4878082275999986,0.0,80.1,59.0
2018-08-24,295.527055593,USW00094847,Detroit,872500,2949,10,,250.0,0.298321653956112,0.4565943015574913,0.0,272,0.0,-24.166666666666668,98.6585388184,389.1666666666667,42.2934225,-83.7123513889,1332,0.0,-0.12194824209998956,16.2299995422,80.1,59.0
2018-08-24,295.527055593,USW00094847,Detroit,874600,2949,10,,250.0,0.08864503164810772,0.570444675227927,0.0,272,0.0,-25.0,98.6585388184,389.0,42.2934941667,-83.7123483333,1338,0.0,0.0,16.5599994659,80.1,59.0
2018-08-24,295.527055593,USW00094847,Detroit,877600,2949,10,,250.0,0.09004125031156542,0.058597018435416426,0.0,272,0.0,-2.75,98.6585388184,389.1666666666667,42.293583611100004,-83.7123136111,1342,0.0,0.0,0.0,80.1,59.0
2018-08-24,295.527055593,USW00094847,Detroit,882800,2949,10,,250.0,0.4229063193205862,0.6533656230773209,0.0,272,0.0,-19.8125,98.6585388184,389.375,42.2935927778,-83.7123072222,1348,0.0,0.0,16.0699996948,80.1,59.0
2018-08-24,295.527055593,USW00094847,Detroit,886700,2949,10,,250.0,0.23010093622090436,0.4533243616562155,2.0,272,0.0,-6.3,98.6585388184,389.5,42.293695277800005,-83.7122791667,1356,0.0,0.0,0.0,80.1,59.0
2018-08-24,295.527055593,USW00094847,Detroit,890700,2949,10,,250.0,0.22211859121746882,0.7885150886591957,0.0,274,0.0,-32.0,98.53659057620001,388.75,42.293766388899996,-83.7123002778,1366,0.0,-0.12194824219999136,20.3500003815,80.1,59.0
2018-08-24,295.527055593,USW00094847,Detroit,893900,2949,10,,250.0,0.12380973237393124,0.3445587287834385,2.0,274,0.0,-75.375,98.53659057620001,386.625,42.29389000000001,-83.7122475,1372,0.0,0.0,37.5200004578,80.1,59.0
2018-08-24,295.527055593,USW00094847,Detroit,897000,2949,10,,250.0,0.071988506718974,0.3386795715439524,0.0,276,0.0,-62.0,98.53659057620001,383.5,42.293931666700004,-83.7119536111,1380,0.0,0.0,45.4399986267,80.1,59.0
2018-08-24,295.527055593,USW00094847,Detroit,900100,2949,10,,250.0,0.07526082847417301,0.3709205465762262,-2.0,276,0.0,-34.25,98.53659057620001,385.0625,42.2939161111,-83.71152027779999,1387,0.0,0.0,48.409999847399995,80.1,59.0
2018-08-24,295.527055593,USW00094847,Detroit,903200,2949,10,,250.0,0.06137089575188181,0.3728336041777332,0.0,274,0.0,-13.928571428571429,98.53659057620001,386.0,42.2939030556,-83.7110366667,1395,0.0,0.0,45.97999954220001,80.1,59.0
2018-08-24,295.527055593,USW00094847,Detroit,906400,2949,10,,250.0,0.0781470547261646,0.33609300203985976,0.0,274,0.0,10.6875,98.53659057620001,389.0625,42.2938944444,-83.7105433333,1402,0.0,0.0,41.3499984741,80.1,59.0
2018-08-24,295.527055593,USW00094847,Detroit,909500,2949,10,,250.0,0.08249382741955594,0.34950653884053795,0.0,274,0.0,-20.75,98.53659057620001,388.375,42.2938802778,-83.7101102778,1410,0.0,0.0,44.5299987793,80.1,59.0
2018-08-24,295.527055593,USW00094847,Detroit,912400,2949,10,,250.0,0.05687457160191607,0.7648077197034361,-1.0,274,0.0,-20.166666666666668,98.53659057620001,386.5,42.2939011111,-83.7096777778,1418,0.0,0.0,40.4799995422,80.1,59.0
2018-08-24,295.527055593,USW00094847,Detroit,914700,2949,10,,250.0,0.06621708691591524,1.0075787246437342,0.0,273,0.0,19.083333333333332,98.53659057620001,388.75,42.2940116667,-83.7092788889,1424,0.0,0.0,32.340000152600005,80.1,59.0
2018-08-24,295.527055593,USW00094847,Detroit,917800,2949,10,,250.0,0.10398575446070504,0.8088709383291272,0.0,273,0.0,17.428571428571427,98.53659057620001,391.0,42.2941675,-83.7090486111,1430,0.0,0.0,23.590000152600002,80.1,59.0
2018-08-24,295.527055593,USW00094847,Detroit,920900,2949,10,,250.0,0.10456378061577555,0.8704970572814876,-2.0,273,0.0,-7.083333333333333,98.53659057620001,390.0,42.2942925,-83.7088586111,1437,0.0,0.0,24.6000003815,80.1,59.0
2018-08-24,295.527055593,USW00094847,Detroit,924000,2949,10,,250.0,0.12158423835710755,0.9101013699394752,0.0,271,0.0,-2.5,98.53659057620001,389.5,42.29442750000001,-83.7086783333,1443,0.0,0.0,24.1399993896,80.1,59.0
2018-08-24,295.527055593,USW00094847,Detroit,927200,2949,10,,250.0,0.10278954786216211,0.9446288453781236,-2.0,271,0.0,-2.0833333333333335,98.53659057620001,389.5,42.2945691667,-83.7085211111,1450,0.0,0.0,23.92000007630001,80.1,59.0
2018-08-24,295.527055593,USW00094847,Detroit,930300,2949,10,,250.0,0.15313178888893128,0.9381512163186444,0.0,269,0.0,1.1875,98.53659057620001,390.125,42.2947166667,-83.7083916667,1456,0.0,0.0,23.4499988556,80.1,59.0
2018-08-24,295.527055593,USW00094847,Detroit,933400,2949,10,,250.0,0.12607352624710122,0.949128816406312,0.0,269,0.0,-8.357142857142858,98.53659057620001,390.5,42.2948633333,-83.7082788889,1464,0.0,0.0,25.329999923699997,80.1,59.0
2018-08-24,295.527055593,USW00094847,Detroit,936400,2949,10,,250.0,0.11934065886044576,0.8358563772610783,0.0,269,0.0,-2.9285714285714284,98.53659057620001,389.64285714285717,42.2950116667,-83.70815999999998,1471,0.0,0.0,20.7999992371,80.1,59.0
2018-08-24,295.527055593,USW00094847,Detroit,939500,2949,10,,250.0,0.14618455922275966,0.7622872269210457,-2.0,269,0.0,3.9285714285714284,98.53659057620001,389.64285714285717,42.2951416667,-83.70800777779999,1478,0.0,0.0,19.1800003052,80.1,59.0
2018-08-24,295.527055593,USW00094847,Detroit,957200,2949,10,,300.0,0.16737959731558502,0.816666296180968,0.0,267,0.0,1.9166666666666667,98.1707305908,390.30555555555554,42.295260277800004,-83.70787222220001,1485,0.0,-0.3658599854000073,0.0,80.1,59.0
2018-08-24,295.527055593,USW00094847,Detroit,960800,2949,10,,250.0,0.4804786628670099,0.37948836236381467,-1.0,267,0.0,-9.0,98.1707305908,390.07142857142856,42.2953877778,-83.70775805560001,1503,0.0,0.0,10.4200000763,80.1,59.0
2018-08-24,295.527055593,USW00094847,Detroit,964800,2949,10,,250.0,0.27306069829891355,0.29390450044599925,0.0,266,0.0,-2.111111111111111,98.1707305908,390.27777777777777,42.2954463889,-83.70766638890001,1510,0.0,0.0,0.0,80.1,59.0
2018-08-24,295.527055593,USW00094847,Detroit,968800,2949,10,,250.0,0.34932825056718775,0.3491095364556104,0.0,266,0.0,-12.714285714285714,98.1707305908,389.7857142857143,42.2954919444,-83.7076036111,1519,0.0,0.0,14.969999313399999,80.1,59.0
2018-08-24,295.527055593,USW00094847,Detroit,974900,2949,10,,250.0,0.09927134459772659,0.08845935638266242,0.0,266,0.0,-2.125,98.1707305908,390.0,42.2955458333,-83.70751777779999,1526,0.0,0.0,0.0,80.1,59.0
2018-08-24,295.527055593,USW00094847,Detroit,977900,2949,10,,250.0,0.21058993624760589,0.27492978697605475,0.0,266,0.0,-26.583333333333332,98.1707305908,389.6666666666667,42.2955580556,-83.7074608333,1534,0.0,0.0,21.5,80.1,59.0
2018-08-24,295.527055593,USW00094847,Detroit,980800,2949,10,,250.0,0.08953744115402565,0.5183818615599358,-1.0,266,0.0,-50.0,98.1707305908,389.0,42.2955980556,-83.7073208333,1540,0.0,0.0,36.7099990845,80.1,59.0
2018-08-24,295.527055593,USW00094847,Detroit,984100,2949,10,,250.0,0.06774532458670543,0.3448722657748777,0.0,265,0.0,4.833333333333333,98.1707305908,386.5,42.2956708333,-83.7070061111,1546,0.0,0.0,33.6699981689,80.1,59.0
2018-08-24,295.527055593,USW00094847,Detroit,987200,2949,10,,250.0,0.07776800093388443,0.8327407448237029,0.0,265,0.0,15.75,98.1707305908,390.1666666666667,42.2957094444,-83.7066777778,1552,0.0,0.0,31.099998474099998,80.1,59.0
2018-08-24,295.527055593,USW00094847,Detroit,990400,2949,10,,250.0,0.10824441166953047,1.0105588040749256,0.0,265,0.0,18.5,98.1707305908,392.0,42.2958380556,-83.7064758333,1558,0.0,0.0,13.710000038099999,80.1,59.0
2018-08-24,295.527055593,USW00094847,Detroit,993500,2949,10,,250.0,0.15082866681481946,0.6055076033443703,0.0,265,0.0,-18.357142857142858,98.1707305908,391.57142857142856,42.2959966667,-83.7064625,1565,0.0,0.0,31.760000228899997,80.1,59.0
2018-08-24,295.527055593,USW00094847,Detroit,996500,2949,10,,250.0,0.07989413379759969,0.8872086486504563,0.0,265,0.0,-87.64285714285714,98.1707305908,389.35714285714283,42.2960908333,-83.7065741667,1572,0.0,0.0,43.909999847399995,80.1,59.0
2018-08-24,295.527055593,USW00094847,Detroit,998700,2949,10,,250.0,0.034642269899839526,1.0092326811892054,1.0,265,0.0,-21.375,98.1707305908,384.0,42.2962241667,-83.7069233333,1579,0.0,0.0,41.5400009155,80.1,59.0
2018-08-24,295.527055593,USW00094847,Detroit,1001800,2949,10,,250.0,0.06823110934369411,0.9692020622435156,0.0,266,0.0,19.083333333333332,98.1707305908,387.75,42.29637750000001,-83.7072694444,1583,0.0,0.0,29.729999542199998,80.1,59.0
2018-08-24,295.527055593,USW00094847,Detroit,1004900,2949,10,,250.0,0.08276657561799768,1.1753832548251721,0.0,266,0.0,-22.583333333333332,98.1707305908,391.5,42.2965269444,-83.7075172222,1589,0.0,0.0,33.8499984741,80.1,59.0
2018-08-24,295.527055593,USW00094847,Detroit,1008000,2949,10,,250.0,0.07017381488562212,1.5266171177217451,0.0,266,0.0,-31.166666666666668,98.1707305908,386.9166666666667,42.29671,-83.7077175,1595,0.0,0.0,33.5400009155,80.1,59.0
2018-08-24,295.527055593,USW00094847,Detroit,1011200,2949,10,,250.0,0.10984329105453537,1.4424720898023595,2.0,266,0.0,4.0,98.1707305908,387.3125,42.2969486111,-83.7079094444,1601,0.0,0.0,30.7999992371,80.1,59.0
2018-08-24,295.527055593,USW00094847,Detroit,1014300,2949,10,,250.0,0.07544633680509644,0.9149481199726528,0.0,268,0.0,10.0,98.1707305908,389.5,42.2971747222,-83.7080116667,1609,0.0,0.0,10.3499994278,80.1,59.0
2018-08-24,295.527055593,USW00094847,Detroit,1017400,2949,10,,250.0,0.2927274672553129,0.4965062988915381,0.0,268,0.0,-7.1875,98.1707305908,390.125,42.2973183333,-83.7080141667,1615,0.0,0.0,19.7099990845,80.1,59.0
2018-08-24,295.527055593,USW00094847,Detroit,1020400,2949,10,,250.0,0.07473880976179116,0.23045160785676386,-2.0,268,0.0,-53.3,98.1707305908,390.5,42.2973961111,-83.7079711111,1623,0.0,0.0,38.1199989319,80.1,59.0
2018-08-24,295.527055593,USW00094847,Detroit,1022600,2949,10,,250.0,0.06259452791521815,0.3337479249069579,0.0,266,0.0,-73.58333333333333,98.1707305908,384.6666666666667,42.2974144444,-83.7076972222,1628,0.0,0.0,43.1299972534,80.1,59.0
2018-08-24,295.527055593,USW00094847,Detroit,1026000,2949,10,,250.0,0.0606708294692191,0.2898470088352747,1.0,266,0.0,13.0,98.1707305908,384.8333333333333,42.2973933333,-83.7072761111,1634,0.0,0.0,38.0200004578,80.1,59.0
2018-08-24,295.527055593,USW00094847,Detroit,1028800,2949,10,,250.0,0.06920403269257515,0.2097807009791492,0.0,267,0.0,29.25,98.1707305908,391.5,42.2973825,-83.7068880556,1640,0.0,0.0,25.73999977110001,80.1,59.0
2018-08-24,295.527055593,USW00094847,Detroit,1057700,2949,10,,250.0,0.1274577170390181,0.31940939426444176,0.0,267,0.0,7.5476190476190474,97.68292999270001,390.8809523809524,42.297385,-83.7065997222,1646,0.0,-0.4878005980999944,0.0,80.1,59.0
2018-08-24,295.527055593,USW00094847,Detroit,1088900,2949,10,,250.0,0.0,0.16031230244378378,0.0,267,0.0,-1.9,97.68292999270001,390.5,42.297434722199995,-83.7065433333,1667,0.0,0.0,0.0,80.1,59.0
2018-08-24,295.527055593,USW00094847,Detroit,1120200,2949,10,,250.0,0.0,0.05272728352462537,0.0,267,0.0,-1.8333333333333333,97.5609741211,390.6388888888889,42.2974108333,-83.7066127778,1687,0.0,-0.12195587160000798,0.0,80.1,59.0
2018-08-24,295.527055593,USW00094847,Detroit,1141000,2949,10,,250.0,0.0,0.041755980237625424,0.0,267,0.0,-2.1,97.5609741211,391.0,42.2974094444,-83.7066844444,1705,0.0,0.0,0.0,80.1,59.0
2018-08-24,295.527055593,USW00094847,Detroit,1144000,2949,10,,250.0,0.23945792410930813,0.1469422070402417,0.0,267,0.0,-27.0,97.5609741211,389.92857142857144,42.2974144444,-83.7066472222,1715,0.0,0.0,22.809999465900002,80.1,59.0
2018-08-24,295.527055593,USW00094847,Detroit,1147100,2949,10,,250.0,0.10308642895193718,0.6038882877361336,-2.0,267,0.0,-57.642857142857146,97.5609741211,388.5,42.2974269444,-83.7064769444,1722,0.0,0.0,37.6299972534,80.1,59.0
2018-08-24,295.527055593,USW00094847,Detroit,1150200,2949,10,,250.0,0.06080407145437472,0.8079377300154862,0.0,265,0.0,-66.25,97.5609741211,386.0,42.2975141667,-83.7061508333,1729,0.0,0.0,45.9199981689,80.1,59.0
2018-08-24,295.527055593,USW00094847,Detroit,1153300,2949,10,,250.0,0.074608703616602,1.1745844824503502,1.0,265,0.0,-40.625,97.5609741211,386.3125,42.2976325,-83.7057497222,1735,0.0,0.0,48.59000015260001,80.1,59.0
2018-08-24,295.527055593,USW00094847,Detroit,1156200,2949,10,,250.0,0.040435019664629215,1.919204999937581,5.0,266,0.0,-36.1,97.5609741211,386.5,42.2978111111,-83.7053472222,1743,0.0,0.0,51.11999893189999,80.1,59.0
2018-08-24,295.527055593,USW00094847,Detroit,1159300,2949,10,,250.0,0.03852090702870026,2.3564720632649534,0.0,271,0.0,-33.4,97.5609741211,386.5,42.298109722199996,-83.7049966667,1748,0.0,0.0,55.47999954220001,80.1,59.0
2018-08-24,295.527055593,USW00094847,Detroit,1162400,2949,10,,250.0,0.05455160263862784,2.372151151990915,0.0,271,0.0,-18.928571428571427,97.5609741211,387.07142857142856,42.2984788889,-83.7047941667,1753,0.0,0.0,50.159999847399995,80.1,59.0
2018-08-24,295.527055593,USW00094847,Detroit,1164800,2949,10,,250.0,0.05101051653706159,2.1679169984168287,0.0,271,0.0,26.5,97.5609741211,388.5,42.2988511111,-83.7047125,1760,0.0,0.0,40.2099990845,80.1,59.0
2018-08-24,295.527055593,USW00094847,Detroit,1167600,2949,10,,250.0,0.0697827645263093,1.2671286816087874,0.0,271,0.0,31.6,97.5609741211,390.3,42.2991913889,-83.70472027779999,1766,0.0,0.0,19.2299995422,80.1,59.0
2018-08-24,295.527055593,USW00094847,Detroit,1170800,2949,10,,250.0,0.13588322253453092,0.4207873832525928,0.0,271,0.0,9.666666666666666,97.5609741211,393.0,42.2993902778,-83.7047141667,1771,0.0,0.0,5.46999979019,80.1,59.0
2018-08-24,295.527055593,USW00094847,Detroit,1174200,2949,10,,250.0,0.23016887119966165,0.4990859535305848,0.0,271,0.0,-16.5,97.5609741211,390.0,42.2994561111,-83.7046666667,1777,0.0,0.0,17.6299991608,80.1,59.0
2018-08-24,295.527055593,USW00094847,Detroit,1177200,2949,10,,250.0,0.1786651809828901,0.3946522614135857,-2.0,271,0.0,-9.5625,97.5609741211,389.0,42.2995344444,-83.70467361109999,1783,0.0,0.0,17.5100002289,80.1,59.0
2018-08-24,295.527055593,USW00094847,Detroit,1204000,2949,10,,250.0,0.060574537449579836,0.4624840150240185,0.0,269,0.0,0.47368421052631576,97.0731735229,390.10526315789474,42.299594166700004,-83.7048208333,1791,0.0,-0.4878005981999962,0.0,80.1,59.0
2018-08-24,295.527055593,USW00094847,Detroit,1237200,2949,10,,250.0,0.0,0.24625579748344706,0.0,269,0.0,-1.8461538461538463,97.0731735229,390.5,42.2996661111,-83.70490749999998,1810,0.0,0.0,0.0,80.1,59.0
2018-08-24,295.527055593,USW00094847,Detroit,1258000,2949,10,,250.0,0.0,0.04460775010819839,0.0,269,0.0,-2.1666666666666665,97.0731735229,390.5,42.299628888899996,-83.7048141667,1823,0.0,0.0,0.0,80.1,59.0
2018-08-24,295.527055593,USW00094847,Detroit,1261000,2949,10,,250.0,0.3963880779016075,0.3232488299714297,0.0,269,0.0,-10.785714285714286,96.9512252808,390.5,42.2996222222,-83.7048333333,1832,0.0,-0.12194824210000375,14.4099998474,80.1,59.0
2018-08-24,295.527055593,USW00094847,Detroit,1264100,2949,10,,250.0,0.16784607465449541,1.0490704256464545,0.0,269,0.0,-24.5,96.9512252808,389.75,42.299672222199995,-83.70491055560001,1839,0.0,0.0,27.23999977110001,80.1,59.0
2018-08-24,295.527055593,USW00094847,Detroit,1267200,2949,10,,250.0,0.08754190396423613,1.1947315576423179,0.0,269,0.0,-5.75,96.9512252808,388.5,42.2998366667,-83.7049866667,1847,0.0,0.0,26.779998779299998,80.1,59.0
2018-08-24,295.527055593,USW00094847,Detroit,1270300,2949,10,,250.0,0.11962599493225536,0.8194260528842536,0.0,269,0.0,8.071428571428571,96.9512252808,389.92857142857144,42.3000241667,-83.705015,1853,0.0,0.0,19.1499996185,80.1,59.0
2018-08-24,295.527055593,USW00094847,Detroit,1273400,2949,10,,250.0,0.18157743809276589,0.2263532579846113,0.0,269,0.0,-9.428571428571429,96.9512252808,391.0,42.3001525,-83.70493805560001,1860,0.0,0.0,17.1399993896,80.1,59.0
2018-08-24,295.527055593,USW00094847,Detroit,1276400,2949,10,,250.0,0.10472724377901134,1.049501150944205,0.0,269,0.0,-58.666666666666664,96.9512252808,388.0833333333333,42.3001855556,-83.7048208333,1867,0.0,0.0,38.9599990845,80.1,59.0
2018-08-24,295.527055593,USW00094847,Detroit,1279000,2949,10,,250.0,0.056955786513892284,1.8584443278418907,2.0,269,0.0,-102.83333333333333,96.9512252808,386.5833333333333,42.30035,-83.7047333333,1873,0.0,0.0,47.0999984741,80.1,59.0
2018-08-24,295.527055593,USW00094847,Detroit,1281600,2949,10,,250.0,0.035080360690194594,1.6918730885241262,0.0,271,0.0,16.5,96.9512252808,382.0,42.3006416667,-83.7046913889,1879,0.0,0.0,29.359998703000002,80.1,59.0
2018-08-24,295.527055593,USW00094847,Detroit,1301600,2949,10,,250.0,0.07595129430262838,0.2808018516832585,0.0,271,0.0,7.3076923076923075,96.707321167,386.7307692307692,42.300907222199996,-83.70468000000002,1883,0.0,-0.2439041137999993,0.0,80.1,59.0
2018-08-24,295.527055593,USW00094847,Detroit,1305000,2949,10,,250.0,0.3331217332769206,0.506709906764401,0.0,271,0.0,-17.333333333333332,96.707321167,389.1666666666667,42.3009511111,-83.7046433333,1896,0.0,0.0,13.5499992371,80.1,59.0
2018-08-24,295.527055593,USW00094847,Detroit,1308100,2949,10,,250.0,0.17383719603196177,0.4150839854267409,0.0,271,0.0,-36.0625,96.707321167,388.25,42.3010305556,-83.7046775,1902,0.0,0.0,27.2699985504,80.1,59.0
2018-08-24,295.527055593,USW00094847,Detroit,1311100,2949,10,,250.0,0.08119726882781433,0.26666370922643523,0.0,271,0.0,-36.0,96.707321167,387.0,42.3010927778,-83.7048527778,1910,0.0,0.0,36.7000007629,80.1,59.0
2018-08-24,295.527055593,USW00094847,Detroit,1314400,2949,10,,250.0,0.07905604464482505,0.2579690932431337,0.0,271,0.0,-11.357142857142858,96.707321167,388.07142857142856,42.301115,-83.7051747222,1916,0.0,0.0,37.3699989319,80.1,59.0
2018-08-24,295.527055593,USW00094847,Detroit,1317500,2949,10,,250.0,0.06866234554294463,0.25634569167587085,0.0,271,0.0,2.1666666666666665,96.707321167,388.5,42.3011236111,-83.7055338889,1923,0.0,0.0,37.8600006104,80.1,59.0
2018-08-24,295.527055593,USW00094847,Detroit,1320400,2949,10,,250.0,0.05214111043806325,0.26429299703105674,0.0,271,0.0,-12.9,96.707321167,388.5,42.3011258333,-83.7058986111,1929,0.0,0.0,39.219997406,80.1,59.0
2018-08-24,295.527055593,USW00094847,Detroit,1323000,2949,10,,250.0,0.06606985472969729,0.2694975072105089,0.0,271,0.0,6.166666666666667,96.707321167,388.9166666666667,42.3011141667,-83.70626,1934,0.0,0.0,35.469997406,80.1,59.0
2018-08-24,295.527055593,USW00094847,Detroit,1325800,2949,10,,250.0,0.09122438283644736,0.20679362234891613,0.0,271,0.0,20.428571428571427,96.707321167,391.0,42.3011069444,-83.7066383333,1940,0.0,0.0,20.25,80.1,59.0
2018-08-24,295.527055593,USW00094847,Detroit,1328900,2949,10,,250.0,0.21234735477867397,0.34858378448294186,0.0,271,0.0,2.1875,96.707321167,390.625,42.3011002778,-83.7069266667,1947,0.0,0.0,17.4599990845,80.1,59.0
2018-08-24,295.527055593,USW00094847,Detroit,1332100,2949,10,,250.0,0.12468020905243954,1.465335204832792,0.0,271,0.0,-49.214285714285715,96.707321167,390.0,42.3010469444,-83.7070375,1955,0.0,0.0,31.279998779299998,80.1,59.0
2018-08-24,295.527055593,USW00094847,Detroit,1335200,2949,10,,250.0,0.0971762913121741,1.1382656124285695,0.0,271,0.0,-17.714285714285715,96.707321167,387.14285714285717,42.3008169444,-83.7070319444,1962,0.0,0.0,26.73999977110001,80.1,59.0
2018-08-24,295.527055593,USW00094847,Detroit,1338300,2949,10,,250.0,0.1194176073180011,0.28432431592801155,0.0,271,0.0,8.142857142857142,96.707321167,387.7142857142857,42.3006383333,-83.7069927778,1969,0.0,0.0,14.9799995422,80.1,59.0
2018-08-24,295.527055593,USW00094847,Detroit,1368000,2949,10,,300.0,0.06693155794208877,0.3810665972725705,0.0,271,0.0,2.026315789473684,96.46341705319999,389.6578947368421,42.3005952778,-83.7068866667,1976,0.0,-0.2439041138000136,0.0,80.1,59.0
2018-08-24,295.527055593,USW00094847,Detroit,1396000,2949,10,,300.0,0.0,0.03482646254014081,0.0,271,0.0,-1.75,96.46341705319999,390.0,42.300655,-83.7068569444,1995,0.0,0.0,0.0,80.1,59.0
2018-08-24,295.527055593,USW00094847,Detroit,1426300,2949,10,,300.0,0.0,0.17086580207638535,0.0,271,0.0,-1.6666666666666667,96.341468811,390.0,42.3006583333,-83.7068961111,2003,0.0,-0.12194824219999136,0.0,80.1,59.0
2018-08-24,295.527055593,USW00094847,Detroit,1456400,2949,10,,300.0,0.0,0.6159323604988278,0.0,271,0.0,-1.8571428571428572,96.341468811,390.0,42.3006316667,-83.7068702778,2009,0.0,0.0,0.0,80.1,59.0
2018-08-24,295.527055593,USW00094847,Detroit,1474100,2949,10,,250.0,0.0,0.2214408804230673,0.0,271,0.0,-1.8125,96.2195129395,390.0,42.300534999999996,-83.7068833333,2016,0.0,-0.121955871499992,0.0,80.1,59.0
2018-08-24,295.527055593,USW00094847,Detroit,1494900,2949,10,,250.0,0.0,0.1050073508622196,0.0,271,0.0,-2.375,96.2195129395,390.375,42.300500277800005,-83.7068975,2024,0.0,0.0,0.0,80.1,59.0
2018-08-24,295.527055593,USW00094847,Detroit,1497500,2949,10,,250.0,0.581395379461873,0.09221303298500924,0.0,271,0.0,-6.333333333333333,96.2195129395,390.1666666666667,42.3004841667,-83.7068661111,2028,0.0,0.0,0.0,80.1,59.0
2018-08-24,295.527055593,USW00094847,Detroit,1501100,2949,10,,250.0,0.2021604090746369,0.12703974456822753,0.0,271,0.0,-30.0,96.2195129395,388.75,42.300498611100004,-83.7068577778,2034,0.0,0.0,20.6899986267,80.1,59.0
2018-08-24,295.527055593,USW00094847,Detroit,1504000,2949,10,,250.0,0.11112761583492578,0.1734603404669809,0.0,271,0.0,-25.666666666666668,96.2195129395,388.8333333333333,42.3004863889,-83.7067155556,2040,0.0,0.0,21.2099990845,80.1,59.0
2018-08-24,295.527055593,USW00094847,Detroit,1507300,2949,10,,250.0,0.13653880435986854,0.8724779915146967,0.0,271,0.0,1.4285714285714286,96.2195129395,390.5,42.300500277800005,-83.7065041667,2046,0.0,0.0,22.159999847399998,80.1,59.0
2018-08-24,295.527055593,USW00094847,Detroit,1510400,2949,10,,250.0,0.11975475184893898,0.8813410041068223,0.0,271,0.0,13.916666666666666,96.2195129395,390.5,42.3006366667,-83.70639277779999,2053,0.0,0.0,9.93999958038,80.1,59.0
2018-08-24,295.527055593,USW00094847,Detroit,1515200,2949,10,,250.0,0.043180936473017364,0.4795962981468888,0.0,271,0.0,4.25,96.2195129395,390.5,42.300775,-83.70640111109999,2059,0.0,0.0,0.0,80.1,59.0
2018-08-24,295.527055593,USW00094847,Detroit,1518100,2949,10,,250.0,0.7179185138436174,0.1951354035260645,0.0,271,0.0,-3.75,96.2195129395,390.1666666666667,42.3008502778,-83.70639944439999,2065,0.0,0.0,5.589999675750001,80.1,59.0
2018-08-24,295.527055593,USW00094847,Detroit,1521000,2949,10,,250.0,0.24383243524917322,0.39287975942260667,0.0,271,0.0,-2.5,96.2195129395,390.0,42.3008808333,-83.70641861109999,2071,0.0,0.0,7.329999923710001,80.1,59.0
2018-08-24,295.527055593,USW00094847,Detroit,1524400,2949,10,,250.0,0.2991224958012899,0.3193573034658553,0.0,271,0.0,-4.75,96.2195129395,390.0,42.3009425,-83.70642,2075,0.0,0.0,10.0999994278,80.1,59.0
2018-08-24,295.527055593,USW00094847,Detroit,1527500,2949,10,,250.0,0.28227370389329887,0.15298304596171813,0.0,271,0.0,-13.1875,96.2195129395,389.375,42.3009919444,-83.7063452778,2081,0.0,0.0,13.130000114400001,80.1,59.0
2018-08-24,295.527055593,USW00094847,Detroit,1536400,2949,10,,250.0,0.03352397133137239,0.07845395575787448,0.0,271,0.0,-1.3125,96.0975646973,389.625,42.3010108333,-83.7062108333,2089,0.0,-0.12194824220000555,0.0,80.1,59.0
2018-08-24,295.527055593,USW00094847,Detroit,1539200,2949,10,,250.0,0.35993997942890404,0.18048102730865545,0.0,271,0.0,-10.7,96.0975646973,389.2,42.3010202778,-83.7061391667,2097,0.0,0.0,8.6799993515,80.1,59.0
2018-08-24,295.527055593,USW00094847,Detroit,1542100,2949,10,,250.0,0.23309041771115707,0.21245642403328224,0.0,271,0.0,-12.0,96.0975646973,389.0,42.301047499999996,-83.7060680556,2102,0.0,0.0,13.829999923699999,80.1,59.0
2018-08-24,295.527055593,USW00094847,Detroit,1545400,2949,10,,250.0,0.18643958622672646,0.0995748199338674,0.0,271,0.0,-6.833333333333333,96.0975646973,389.0,42.30108,-83.7060002778,2108,0.0,0.0,10.960000038099999,80.1,59.0
2018-08-24,295.527055593,USW00094847,Detroit,1548400,2949,10,,250.0,0.275698719641128,0.11575164095666113,0.0,271,0.0,-5.214285714285714,96.0975646973,389.2857142857143,42.301086388899996,-83.7058708333,2114,0.0,0.0,11.179999351500001,80.1,59.0
2018-08-24,295.527055593,USW00094847,Detroit,1551400,2949,10,,250.0,0.21778550417189108,0.19560706710030693,0.0,271,0.0,-11.333333333333334,96.0975646973,389.5,42.3010991667,-83.7057536111,2121,0.0,0.0,13.539999961900001,80.1,59.0
2018-08-24,295.527055593,USW00094847,Detroit,1553700,2949,10,,250.0,0.17807509822583978,0.10318196003569176,0.0,271,0.0,-13.833333333333334,96.0975646973,388.6666666666667,42.3011263889,-83.7056247222,2127,0.0,0.0,13.649999618499999,80.1,59.0
2018-08-24,295.527055593,USW00094847,Detroit,1557200,2949,10,,250.0,0.15325206776729391,0.10161372365530184,0.0,271,0.0,-4.0,96.0975646973,388.6,42.3011258333,-83.7054777778,2133,0.0,0.0,12.719999313399999,80.1,59.0
2018-08-24,295.527055593,USW00094847,Detroit,1560000,2949,10,,250.0,0.17953545256278627,0.13046037837393995,0.0,271,0.0,-10.416666666666666,96.0975646973,389.0,42.3011308333,-83.70534027779999,2138,0.0,0.0,13.519999504100001,80.1,59.0
2018-08-24,295.527055593,USW00094847,Detroit,1563100,2949,10,,250.0,0.20001263331909963,0.12428136792051801,0.0,271,0.0,-8.0,96.0975646973,389.0,42.3011191667,-83.7051875,2144,0.0,0.0,11.679999351500001,80.1,59.0
2018-08-24,295.527055593,USW00094847,Detroit,1566200,2949,10,,250.0,0.22735064345310294,0.09197186785059454,0.0,271,0.0,-4.666666666666667,96.0975646973,389.0,42.301107222199995,-83.70504749999998,2150,0.0,0.0,9.63000011444,80.1,59.0
2018-08-24,295.527055593,USW00094847,Detroit,1569100,2949,10,,250.0,0.25261419100575383,0.08774480878631101,0.0,271,0.0,-4.833333333333333,96.0975646973,389.3333333333333,42.3011008333,-83.70493,2156,0.0,0.0,7.480000019069999,80.1,59.0
2018-08-24,295.527055593,USW00094847,Detroit,1572400,2949,10,,250.0,0.41344943912832494,0.07094756857298197,0.0,271,0.0,-5.071428571428571,96.0975646973,389.5,42.3010927778,-83.7048286111,2162,0.0,0.0,8.47999954224,80.1,59.0
2018-08-24,295.527055593,USW00094847,Detroit,1575300,2949,10,,250.0,0.26320099813822195,0.2235915549204092,0.0,271,0.0,-8.833333333333334,96.0975646973,389.5,42.3010913889,-83.7047283333,2169,0.0,0.0,9.010000228880001,80.1,59.0
2018-08-24,295.527055593,USW00094847,Detroit,1578400,2949,10,,250.0,0.26722615682856515,0.5683063522575884,0.0,271,0.0,-7.833333333333333,96.0975646973,389.5,42.3010575,-83.70464555560001,2175,0.0,0.0,12.289999961900001,80.1,59.0
2018-08-24,295.527055593,USW00094847,Detroit,1582400,2949,10,,250.0,0.19700558891746753,1.0282128575790512,0.0,271,0.0,-1.0,96.0975646973,389.57142857142856,42.3009683333,-83.7046227778,2181,0.0,0.0,15.670000076300001,80.1,59.0
2018-08-24,295.527055593,USW00094847,Detroit,1584900,2949,10,,250.0,0.1641754619435721,0.6813508856875238,0.0,271,0.0,3.25,96.0975646973,390.0,42.3008069444,-83.7046186111,2188,0.0,0.0,14.469999313399999,80.1,59.0
2018-08-24,295.527055593,USW00094847,Detroit,1587800,2949,10,,250.0,0.10436172862030589,0.6565676946079747,0.0,271,0.0,2.25,96.0975646973,390.0,42.3007,-83.7046233333,2194,0.0,0.0,13.989999771099999,80.1,59.0
2018-08-24,295.527055593,USW00094847,Detroit,1591200,2949,10,,250.0,0.21450755812535943,0.5468462009312887,0.0,271,0.0,2.0714285714285716,96.0975646973,390.0,42.3005969444,-83.7046222222,2198,0.0,0.0,13.309999465899999,80.1,59.0
2018-08-24,295.527055593,USW00094847,Detroit,1594000,2949,10,,250.0,0.14970285235552028,0.4318424572053065,0.0,271,0.0,1.2,96.0975646973,390.0,42.3005111111,-83.7046244444,2205,0.0,0.0,8.059999465939999,80.1,59.0
2018-08-24,295.527055593,USW00094847,Detroit,1597500,2949,10,,250.0,0.36672563441558836,0.5008378132012016,-2.0,271,0.0,-3.2857142857142856,95.8536605835,389.92857142857144,42.3004433333,-83.7046316667,2210,0.0,-0.2439041137999993,9.92000007629,80.1,59.0
2018-08-24,295.527055593,USW00094847,Detroit,1600300,2949,10,,250.0,0.24754692861627395,0.4601280131973441,0.0,269,0.0,-3.1666666666666665,95.8536605835,389.5,42.3003647222,-83.7046352778,2217,0.0,0.0,9.25,80.1,59.0
2018-08-24,295.527055593,USW00094847,Detroit,1603400,2949,10,,250.0,0.2757868415300353,0.4495181425681262,0.0,269,0.0,-1.3333333333333333,95.8536605835,389.75,42.3002925,-83.7046361111,2223,0.0,0.0,8.960000038150001,80.1,59.0
2018-08-24,295.527055593,USW00094847,Detroit,1605700,2949,10,,250.0,0.21995796305356677,0.4300453756310919,0.0,269,0.0,-1.2,95.8536605835,390.0,42.3002219444,-83.70464,2229,0.0,0.0,9.67000007629,80.1,59.0
2018-08-24,295.527055593,USW00094847,Detroit,1608800,2949,10,,250.0,0.19826800779333478,0.4778250405134101,0.0,269,0.0,-3.7,95.8536605835,390.0,42.3001544444,-83.70464222220001,2234,0.0,0.0,10.1700000763,80.1,59.0
2018-08-24,295.527055593,USW00094847,Detroit,1612000,2949,10,,250.0,0.28776748336669794,0.6018330741737439,0.0,269,0.0,-7.857142857142857,95.8536605835,390.0,42.3000794444,-83.7046419444,2239,0.0,0.0,13.059999465899999,80.1,59.0
2018-08-24,295.527055593,USW00094847,Detroit,1615100,2949,10,,250.0,0.27998999523170937,0.5061457940282627,0.0,269,0.0,-10.0625,95.8536605835,389.125,42.299985,-83.7046244444,2246,0.0,0.0,11.4399995804,80.1,59.0
2018-08-24,295.527055593,USW00094847,Detroit,1618200,2949,10,,250.0,0.31523221466144224,0.4920742779693926,0.0,269,0.0,-4.75,95.8536605835,389.1875,42.2999055556,-83.7046277778,2254,0.0,0.0,9.760000228880001,80.1,59.0
2018-08-24,295.527055593,USW00094847,Detroit,1621200,2949,10,,250.0,0.27016390966056075,0.2831608377579992,0.0,269,0.0,-1.0,95.8536605835,389.5,42.2998283333,-83.7046144444,2262,0.0,0.0,7.73999977112,80.1,59.0
2018-08-24,295.527055593,USW00094847,Detroit,1635500,2949,10,,250.0,0.2678586880851312,0.23221036502337064,0.0,269,0.0,-1.875,95.8536605835,389.75,42.2997838889,-83.7046169444,2268,0.0,0.0,0.0,80.1,59.0
2018-08-24,295.527055593,USW00094847,Detroit,1639000,2949,10,,250.0,0.9094489636111164,0.14337413218738385,0.0,269,0.0,-3.75,95.8536605835,389.6666666666667,42.299747499999995,-83.7046355556,2280,0.0,0.0,3.4399998188,80.1,59.0
2018-08-24,295.527055593,USW00094847,Detroit,1642300,2949,10,,250.0,0.49763919748554436,0.1805115622098708,0.0,269,0.0,-3.1666666666666665,95.8536605835,389.5,42.299725,-83.7046316667,2286,0.0,0.0,6.55999994278,80.1,59.0
2018-08-24,295.527055593,USW00094847,Detroit,1645400,2949,10,,250.0,0.36734433902334235,0.2690472755745658,0.0,269,0.0,-2.3333333333333335,95.8536605835,389.5,42.2996966667,-83.70463194439999,2292,0.0,0.0,6.7799997329699995,80.1,59.0
2018-08-24,295.527055593,USW00094847,Detroit,1648500,2949,10,,250.0,0.4385511871754372,0.3150103343545617,0.0,269,0.0,-6.214285714285714,95.8536605835,389.85714285714283,42.2996544444,-83.7046391667,2298,0.0,0.0,8.9299993515,80.1,59.0
2018-08-24,295.527055593,USW00094847,Detroit,1650600,2949,10,,250.0,0.14149587782115441,0.41596382273159777,2.0,269,0.0,-11.875,95.8536605835,390.0,42.299605,-83.7046388889,2305,0.0,0.0,11.1899995804,80.1,59.0
2018-08-24,295.527055593,USW00094847,Detroit,1653700,2949,10,,250.0,0.2537882987656273,0.36308785870863797,0.0,271,0.0,-1.25,95.8536605835,390.0,42.299539722199995,-83.7046275,2309,0.0,0.0,8.3499994278,80.1,59.0
2018-08-24,295.527055593,USW00094847,Detroit,1657200,2949,10,,250.0,0.2498740924897226,0.5840171299425017,0.0,271,0.0,-4.75,95.8536605835,389.8333333333333,42.2994827778,-83.7046480556,2315,0.0,0.0,12.449999809300001,80.1,59.0
2018-08-24,295.527055593,USW00094847,Detroit,1660000,2949,10,,250.0,0.20004385446966141,0.814140066899489,0.0,271,0.0,-11.857142857142858,95.8536605835,389.0,42.2993911111,-83.70465250000002,2321,0.0,0.0,19.0900001526,80.1,59.0
2018-08-24,295.527055593,USW00094847,Detroit,1663100,2949,10,,250.0,0.13915126023449192,1.1044351670400545,0.0,271,0.0,-16.214285714285715,95.8536605835,388.7857142857143,42.2992633333,-83.7046672222,2328,0.0,0.0,24.23999977110001,80.1,59.0
2018-08-24,295.527055593,USW00094847,Detroit,1666200,2949,10,,250.0,0.12746625158283922,1.0410460892686793,0.0,271,0.0,1.9285714285714286,95.8536605835,388.5,42.29909,-83.7046908333,2335,0.0,0.0,21.0499992371,80.1,59.0
2018-08-24,295.527055593,USW00094847,Detroit,1669300,2949,10,,250.0,0.1302990554427433,0.911465929879981,0.0,271,0.0,4.916666666666667,95.8536605835,390.1666666666667,42.2989266667,-83.7047336111,2342,0.0,0.0,17.1800003052,80.1,59.0
2018-08-24,295.527055593,USW00094847,Detroit,1672400,2949,10,,250.0,0.1469103078877208,1.0743365843349144,0.0,271,0.0,-22.857142857142858,95.8536605835,389.64285714285717,42.2987836111,-83.7047480556,2348,0.0,0.0,26.279998779299998,80.1,59.0
2018-08-24,295.527055593,USW00094847,Detroit,1674500,2949,10,,250.0,0.07070123715687353,1.4854461437259012,0.0,271,0.0,-29.2,95.8536605835,387.5,42.29861500000001,-83.70477,2355,0.0,0.0,30.9399986267,80.1,59.0
2018-08-24,295.527055593,USW00094847,Detroit,1678700,2949,10,,250.0,0.0876614063297119,1.9884885467356752,0.0,271,0.0,-24.5,95.8536605835,387.5,42.2983819444,-83.70483111109999,2360,0.0,0.0,35.6899986267,80.1,59.0
2018-08-24,295.527055593,USW00094847,Detroit,1682400,2949,10,,250.0,0.08099840345683582,1.6396589744169487,-5.0,271,0.0,-14.928571428571429,95.8536605835,387.57142857142856,42.2980705556,-83.7050194444,2367,0.0,0.0,37.840000152600005,80.1,59.0
2018-08-24,295.527055593,USW00094847,Detroit,1684900,2949,10,,250.0,0.06526512757560635,1.0108444040320008,-1.0,266,0.0,-10.166666666666666,95.8536605835,388.0,42.2978138889,-83.7051863889,2374,0.0,0.0,38.3499984741,80.1,59.0
2018-08-24,295.527055593,USW00094847,Detroit,1688000,2949,10,,250.0,0.08344360041321289,0.8143375445577292,0.0,265,0.0,21.642857142857142,95.8536605835,388.85714285714283,42.2976583333,-83.7054616667,2380,0.0,0.0,27.3199996948,80.1,59.0
2018-08-24,295.527055593,USW00094847,Detroit,1691200,2949,10,,250.0,0.13265453511551503,0.3904498033346001,0.0,265,0.0,31.928571428571427,95.8536605835,391.0,42.2975352778,-83.7057658333,2387,0.0,0.0,15.279999733,80.1,59.0
2018-08-24,295.527055593,USW00094847,Detroit,1694300,2949,10,,250.0,0.15482773569733496,0.5106463160384207,0.0,265,0.0,-22.142857142857142,95.8536605835,389.2857142857143,42.2974783333,-83.705965,2394,0.0,0.0,26.359998703000002,80.1,59.0
2018-08-24,295.527055593,USW00094847,Detroit,1697500,2949,10,,250.0,0.11518415705182485,0.3876338012545374,2.0,265,0.0,-32.5,95.8536605835,387.875,42.2974013889,-83.7061622222,2401,0.0,0.0,34.6499977112,80.1,59.0
2018-08-24,295.527055593,USW00094847,Detroit,1700400,2949,10,,250.0,0.07006822071416301,0.24288126648910305,0.0,267,0.0,-32.666666666666664,95.4878082275,387.0,42.2973486111,-83.7064280556,2409,0.0,-0.3658523560000049,41.3499984741,80.1,59.0
2018-08-24,295.527055593,USW00094847,Detroit,1702600,2949,10,,250.0,0.04775359147695984,0.331461634001044,-1.0,267,0.0,-36.8,95.4878082275,386.8,42.297345555599996,-83.7067616667,2415,0.0,0.0,42.2299995422,80.1,59.0
2018-08-24,295.527055593,USW00094847,Detroit,1705700,2949,10,,250.0,0.05192791105245252,0.2748356487119296,0.0,266,0.0,16.4,95.4878082275,386.5,42.2973675,-83.7071758333,2420,0.0,0.0,33.8699989319,80.1,59.0
2018-08-24,295.527055593,USW00094847,Detroit,1708900,2949,10,,250.0,0.10817808079783361,0.15198083334130286,0.0,266,0.0,31.3125,95.4878082275,389.3125,42.297378333299996,-83.7075425,2425,0.0,0.0,12.380000114400001,80.1,59.0
2018-08-24,295.527055593,USW00094847,Detroit,1712000,2949,10,,250.0,0.24262162800120837,0.19428042304818768,0.0,266,0.0,-9.214285714285714,95.4878082275,391.0,42.2973844444,-83.70774499999997,2433,0.0,0.0,18.75,80.1,59.0
2018-08-24,295.527055593,USW00094847,Detroit,1715000,2949,10,,250.0,0.09201749145735802,1.0003443111357269,2.0,266,0.0,-38.7,95.4878082275,386.0,42.2973594444,-83.7078983333,2440,0.0,0.0,25.7699985504,80.1,59.0
2018-08-24,295.527055593,USW00094847,Detroit,1718200,2949,10,,250.0,0.1292801965443101,1.2318987813289266,-2.0,268,0.0,-20.0,95.4878082275,386.5625,42.297202500000004,-83.70793972220001,2445,0.0,0.0,28.079999923699997,80.1,59.0
2018-08-24,295.527055593,USW00094847,Detroit,1721300,2949,10,,250.0,0.07130885882714175,1.1798817770998622,0.0,266,0.0,-9.2,95.4878082275,387.5,42.2970091667,-83.7079113889,2453,0.0,0.0,28.2999992371,80.1,59.0
2018-08-24,295.527055593,USW00094847,Detroit,1724400,2949,10,,250.0,0.08744568696293467,1.1055878891756992,0.0,266,0.0,-1.4166666666666667,95.4878082275,388.1666666666667,42.2968241667,-83.7078369444,2458,0.0,0.0,27.2699985504,80.1,59.0
2018-08-24,295.527055593,USW00094847,Detroit,1727500,2949,10,,250.0,0.09579078980640496,0.6907883390915833,0.0,266,0.0,15.166666666666666,95.4878082275,388.5,42.296651111100005,-83.7077244444,2464,0.0,0.0,14.6899995804,80.1,59.0
2018-08-24,295.527055593,USW00094847,Detroit,1729600,2949,10,,250.0,0.13886531522045953,0.38871384213365057,0.0,266,0.0,5.1,95.4878082275,389.7,42.2965433333,-83.7076211111,2470,0.0,0.0,9.4299993515,80.1,59.0
2018-08-24,295.527055593,USW00094847,Detroit,1759200,2949,10,,300.0,0.10615711166668922,0.0703870683213594,0.0,266,0.0,-1.725,95.36585998540001,389.175,42.2964827778,-83.70755611109999,2475,0.0,-0.12194824209998956,0.0,80.1,59.0
2018-08-24,295.527055593,USW00094847,Detroit,1790400,2949,10,,300.0,0.0,0.11966372154702233,0.0,266,0.0,-1.8,95.36585998540001,389.5,42.296493611100004,-83.7075372222,2495,0.0,0.0,0.0,80.1,59.0
2018-08-24,295.527055593,USW00094847,Detroit,1819500,2949,10,,300.0,0.0,0.10481078486449988,0.0,266,0.0,-1.9038461538461537,95.24390411379999,389.5,42.2965094444,-83.70762527779999,2510,0.0,-0.1219558716000222,0.0,80.1,59.0
2018-08-24,295.527055593,USW00094847,Detroit,1835100,2949,10,,300.0,0.0,0.09613253985657336,0.0,266,0.0,-2.5,95.24390411379999,389.5,42.296525,-83.70757861109999,2536,0.0,0.0,0.0,80.1,59.0
2018-08-24,295.527055593,USW00094847,Detroit,1838000,2949,10,,250.0,0.30118533260614994,0.39517902544332495,0.0,266,0.0,-23.357142857142858,95.24390411379999,388.64285714285717,42.2965108333,-83.7075333333,2542,0.0,0.0,19.5699996948,80.1,59.0
2018-08-24,295.527055593,USW00094847,Detroit,1841300,2949,10,,250.0,0.13710252186675462,0.8107975956841814,0.0,266,0.0,-35.1875,95.24390411379999,387.75,42.29645,-83.70742777779999,2549,0.0,0.0,30.7999992371,80.1,59.0
2018-08-24,295.527055593,USW00094847,Detroit,1844300,2949,10,,250.0,0.08218251176527236,0.732400564863277,-1.0,266,0.0,-0.16666666666666666,95.24390411379999,386.5,42.296325,-83.70721972220001,2557,0.0,0.0,26.6399993896,80.1,59.0
2018-08-24,295.527055593,USW00094847,Detroit,1847400,2949,10,,250.0,0.10999751502417662,0.5933382188887188,0.0,265,0.0,4.142857142857143,95.24390411379999,387.64285714285717,42.2962136111,-83.70697249999998,2563,0.0,0.0,24.159999847399998,80.1,59.0
2018-08-24,295.527055593,USW00094847,Detroit,1849500,2949,10,,250.0,0.06571214927245127,0.2692202164767606,0.0,265,0.0,9.5,95.24390411379999,388.5,42.2961244444,-83.7067388889,2570,0.0,0.0,11.550000190699999,80.1,59.0
2018-08-24,295.527055593,USW00094847,Detroit,1852800,2949,10,,250.0,0.12399282532732811,0.9685339364971408,0.0,265,0.0,-35.916666666666664,95.24390411379999,387.5,42.2960861111,-83.7065844444,2574,0.0,0.0,26.0499992371,80.1,59.0
2018-08-24,295.527055593,USW00094847,Detroit,1856200,2949,10,,250.0,0.12470284716829327,0.8638518086641598,0.0,265,0.0,4.428571428571429,95.24390411379999,387.5,42.2959341667,-83.7065422222,2580,0.0,0.0,13.199999809300001,80.1,59.0
2018-08-24,295.527055593,USW00094847,Detroit,1859000,2949,10,,250.0,0.20234682077997382,0.5288352248201058,0.0,265,0.0,-6.285714285714286,95.24390411379999,390.5,42.295798611100004,-83.7065691667,2587,0.0,0.0,22.2699985504,80.1,59.0
2018-08-24,295.527055593,USW00094847,Detroit,1862000,2949,10,,250.0,0.10047078587358417,0.5527556953086753,-2.0,265,0.0,-56.57142857142857,95.24390411379999,388.7857142857143,42.2957158333,-83.7065158333,2594,0.0,0.0,40.7000007629,80.1,59.0
2018-08-24,295.527055593,USW00094847,Detroit,1865200,2949,10,,250.0,0.07064801347542389,0.5452172107049762,0.0,263,0.0,7.785714285714286,95.24390411379999,384.5,42.2956358333,-83.7062252778,2601,0.0,0.0,41.0,80.1,59.0
2018-08-24,295.527055593,USW00094847,Detroit,1868100,2949,10,,250.0,0.06494290626344487,0.5163005559050879,0.0,263,0.0,57.5,95.24390411379999,389.8333333333333,42.295564166700004,-83.7058208333,2608,0.0,0.0,28.67000007630001,80.1,59.0
2018-08-24,295.527055593,USW00094847,Detroit,1872300,2949,10,,250.0,0.13295893689902852,0.459455923030949,-4.0,263,0.0,33.625,95.24390411379999,392.125,42.2954925,-83.70549388890001,2614,0.0,0.0,5.92999982834,80.1,59.0
2018-08-24,295.527055593,USW00094847,Detroit,1901200,2949,10,,250.0,0.0,0.07891813011089473,3.0,259,0.0,-1.9230769230769231,95.1219558716,389.8076923076923,42.2954252778,-83.7052683333,2622,0.0,-0.12194824219999136,0.0,80.1,59.0
2018-08-24,295.527055593,USW00094847,Detroit,1917800,2949,10,,250.0,0.0,0.2392287551883857,-3.0,262,0.0,-1.75,95.1219558716,389.5,42.2954133333,-83.70524,2635,0.0,0.0,0.0,80.1,59.0
2018-08-24,295.527055593,USW00094847,Detroit,1930400,2949,10,,250.0,0.2227831215782368,0.3131548991215453,3.0,259,0.0,-25.083333333333332,95.0000076294,388.6666666666667,42.2954508333,-83.7052566667,2641,0.0,-0.12194824219999136,20.670000076300003,80.1,59.0
2018-08-24,295.527055593,USW00094847,Detroit,1933200,2949,10,,250.0,0.0980275221332804,0.4883189111510866,0.0,262,0.0,-37.0,95.0000076294,388.3333333333333,42.295405,-83.7051033333,2647,0.0,0.0,31.0499992371,80.1,59.0
2018-08-24,295.527055593,USW00094847,Detroit,1936400,2949,10,,250.0,0.08307804991118453,0.0,0.0,262,0.0,5.333333333333333,95.0000076294,387.5,42.2953361111,-83.7048133333,2653,0.0,0.0,25.789999008200002,80.1,59.0
2018-08-24,295.558508028,USW00094847,Detroit,1800,3728,371,,0.0,0.03462129000722005,0.2529894903724983,0.0,243,,-42.033345540333336,74.1898727417,317.5,42.2745383333,-83.6741822222,2659,0.0,0.0,30.5499992371,80.1,59.0
2018-08-24,295.558508028,USW00094847,Detroit,4900,3728,371,,0.0,0.04439925263435594,0.5500689876947696,1.0,243,,-62.725006103525004,74.1898727417,315.25,42.2745422222,-83.6744716667,2662,0.0,0.0,37.5299987793,80.1,59.0
2018-08-24,295.558508028,USW00094847,Detroit,8100,3728,371,,0.0,0.038681321132136404,0.40370121952997295,0.0,244,,-69.73751831055,74.1898727417,313.0,42.2744733333,-83.6748527778,2666,0.0,0.0,42.409999847399995,80.1,59.0
2018-08-24,295.558508028,USW00094847,Detroit,11200,3728,371,,0.0,0.04462071312843661,0.4371670958760913,-2.0,244,,-63.72003173830001,74.1898727417,312.4,42.2744561111,-83.6752991667,2670,0.0,0.0,48.7999992371,80.1,59.0
2018-08-24,295.558508028,USW00094847,Detroit,14300,3728,371,,0.0,0.030517976612954068,0.4649844651289625,0.0,242,,-30.51252746585,74.1898727417,312.0,42.2744686111,-83.67579305560001,2675,0.0,0.0,50.059997558599996,80.1,59.0
2018-08-24,295.558508028,USW00094847,Detroit,17400,3728,371,,0.0,0.029933068398605725,0.480117866256992,0.0,242,,-6.8375091552925005,74.1898727417,317.0,42.2744875,-83.6763091667,2679,0.0,0.0,49.520000457799995,80.1,59.0
2018-08-24,295.558508028,USW00094847,Detroit,20500,3728,371,,0.0,0.04100082663954322,0.4452909063387989,3.0,242,,12.62999267576,74.1898727417,318.8,42.274511388899995,-83.67683249999997,2683,0.0,0.0,46.9500007629,80.1,59.0
2018-08-24,295.558508028,USW00094847,Detroit,23700,3728,371,,0.0,0.03234873256936858,0.44038033145584027,0.0,245,,24.1499786377,74.1898727417,321.5,42.27452750000001,-83.67733055560001,2688,0.0,0.0,43.3600006104,80.1,59.0
2018-08-24,295.558508028,USW00094847,Detroit,26800,3728,371,,0.0,0.0475434487968539,0.6650614121338645,-1.0,245,,39.829980468760006,74.1898727417,324.2,42.2745575,-83.6777866667,2692,0.0,0.0,36.7900009155,80.1,59.0
2018-08-24,295.558508028,USW00094847,Detroit,29900,3728,371,,0.0,0.07029518552959733,0.31888040348959984,0.0,244,,-3.491689046221667,71.2405014038,326.0,42.2746486111,-83.67815999999998,2697,0.0,-2.949371337900004,36.0099983215,80.1,59.0
2018-08-24,295.558508028,USW00094847,Detroit,32000,3728,371,,0.0,0.02714095307368795,0.5388821460453176,1.0,244,,-40.333333333333336,71.2405014038,318.0,42.2746391667,-83.6785202778,2703,0.0,0.0,40.659999847399995,80.1,59.0
2018-08-24,295.558508028,USW00094847,Detroit,35100,3728,371,,0.0,0.03476771691394479,0.4359246644949638,0.0,245,,-49.675003051775,71.2405014038,317.125,42.2745758333,-83.6789311111,2706,0.0,0.0,49.61999893189999,80.1,59.0
2018-08-24,295.558508028,USW00094847,Detroit,38300,3728,371,,0.0,0.02974143666492282,0.5185325611462317,3.0,245,,-36.43751525879999,71.2405014038,314.5,42.2745677778,-83.6794288889,2710,0.0,0.0,51.930000305200004,80.1,59.0
2018-08-24,295.558508028,USW00094847,Detroit,41400,3728,371,,0.0,0.03846055596450093,0.5060055425857649,0.0,248,,-19.650012207032,71.2405014038,316.6,42.274602222199995,-83.6799691667,2714,0.0,0.0,51.72999954220001,80.1,59.0
2018-08-24,295.558508028,USW00094847,Detroit,44500,3728,371,,0.0,0.029293744759110965,0.4716771803972236,0.0,248,,5.2624816894375,71.2405014038,318.0,42.27463,-83.68051444439999,2719,0.0,0.0,48.3899993896,80.1,59.0
2018-08-24,295.558508028,USW00094847,Detroit,47600,3728,371,,0.0,0.041697258685695765,0.4426908723151457,-2.0,248,,18.65999755858,71.2405014038,321.2,42.2746516667,-83.6810333333,2723,0.0,0.0,43.6299972534,80.1,59.0
2018-08-24,295.558508028,USW00094847,Detroit,50700,3728,371,,0.0,0.04895714031266491,0.4521412283375354,0.0,246,,37.690002441406,71.2405014038,322.2,42.2746755556,-83.6815116667,2728,0.0,0.0,34.3299980164,80.1,59.0
2018-08-24,295.558508028,USW00094847,Detroit,52800,3728,371,,0.0,0.029436856378756742,1.0576769272096551,-1.0,246,,1.4166463216166667,71.2405014038,322.5,42.2747244444,-83.6818888889,2733,0.0,0.0,32.4300003052,80.1,59.0
2018-08-24,295.558508028,USW00094847,Detroit,55900,3728,371,,0.0,0.046158898048773406,1.5817787412464992,0.0,245,,-34.6000061035,71.2405014038,319.25,42.274887777800004,-83.68210694439999,2736,0.0,0.0,34.2799987793,80.1,59.0
2018-08-24,295.558508028,USW00094847,Detroit,59200,3728,371,,0.0,0.04166797110835789,1.9292742148832749,3.0,245,,-51.012512207025,71.2405014038,316.0,42.2751358333,-83.6821841667,2740,0.0,0.0,40.6800003052,80.1,59.0
2018-08-24,295.558508028,USW00094847,Detroit,63300,3728,371,,0.0,0.04772325911085307,2.766093499811495,0.0,248,,-48.04000244144,71.2405014038,314.8,42.2754386111,-83.6822219444,2744,0.0,0.0,44.6399993896,80.1,59.0
2018-08-24,295.558508028,USW00094847,Detroit,66500,3728,371,,0.0,0.044476418773342984,2.2174724210047447,0.0,248,,-46.12000732422,71.2405014038,314.2,42.275872777800004,-83.6822333333,2749,0.0,0.0,46.2799987793,80.1,59.0
2018-08-24,295.558508028,USW00094847,Detroit,69600,3728,371,,0.0,0.03221934879573055,2.290031342214204,4.0,248,,-47.11251831055,71.2405014038,314.0,42.2762208333,-83.68224138890001,2754,0.0,0.0,48.0099983215,80.1,59.0
2018-08-24,295.558508028,USW00094847,Detroit,72700,3728,371,,0.0,0.04154187024731759,2.34134732753496,0.0,252,,-46.080004882800004,71.2405014038,313.6,42.2765802778,-83.6822494444,2758,0.0,0.0,49.0099983215,80.1,59.0
2018-08-24,295.558508028,USW00094847,Detroit,74800,3728,371,,0.0,0.02033396336658694,2.373209625887956,7.0,252,,-45.93332926433334,71.2405014038,313.5,42.276947777800004,-83.682255,2763,0.0,0.0,49.5999984741,80.1,59.0
2018-08-24,295.558508028,USW00094847,Detroit,77900,3728,371,,0.0,0.020263096658144165,2.330735478308428,0.0,259,,-46.2166748047,71.2405014038,313.5,42.2773202778,-83.68226388890001,2766,0.0,0.0,48.7000007629,80.1,59.0
2018-08-24,295.558508028,USW00094847,Detroit,81000,3728,371,,0.0,0.031377728794342065,2.208651623976698,6.0,259,,-52.48753356934999,71.2405014038,312.25,42.2776861111,-83.6822725,2769,0.0,0.0,46.36999893189999,80.1,59.0
2018-08-24,295.558508028,USW00094847,Detroit,84100,3728,371,,0.0,0.03256372574667512,2.167940497505024,0.0,265,,-73.300018310575,71.2405014038,311.0,42.2780327778,-83.6822877778,2773,0.0,0.0,45.2099990845,80.1,59.0
2018-08-24,295.558508028,USW00094847,Detroit,87300,3728,371,,0.0,0.044144159841535024,2.150260123978041,0.0,265,,-79.30000000001999,71.2405014038,309.2,42.2783730556,-83.6823013889,2777,0.0,0.0,46.1899986267,80.1,59.0
2018-08-24,295.558508028,USW00094847,Detroit,90500,3728,371,,0.0,0.053439153582397834,2.1891478314325927,6.0,265,,-80.375,66.9873352051,307.8333333333333,42.2787105556,-83.6823183333,2782,0.0,-4.253166198700002,47.809997558599996,80.1,59.0
2018-08-24,295.558508028,USW00094847,Detroit,93500,3728,371,,0.0,0.031080190990908235,2.34135516739025,0.0,271,,-72.200012207025,66.9873352051,307.0,42.2790541667,-83.6823152778,2788,0.0,0.0,48.809997558599996,80.1,59.0
2018-08-24,295.558508028,USW00094847,Detroit,96700,3728,371,,0.0,0.04101328341215647,2.3095123161633206,0.0,271,,-32.890014648446,66.9873352051,312.4,42.2794216667,-83.68230611109999,2792,0.0,0.0,47.4399986267,80.1,59.0
2018-08-24,295.558508028,USW00094847,Detroit,99800,3728,371,,0.0,0.031252902792723566,2.348468298776282,0.0,271,,-17.550003051775,66.9873352051,316.0,42.279784166700004,-83.6823188889,2797,0.0,0.0,50.579998016400005,80.1,59.0
2018-08-24,295.558508028,USW00094847,Detroit,101900,3728,371,,0.0,0.029603022437698134,2.4422814759717246,1.0,271,,-5.225006103534499,66.9873352051,316.375,42.280152777800005,-83.6823366667,2801,0.0,0.0,51.430000305200004,80.1,59.0
2018-08-24,295.558508028,USW00094847,Detroit,105000,3728,371,,0.0,0.019174354129930973,2.4687797569284915,0.0,272,,-3.966674804677,66.9873352051,316.5,42.2805361111,-83.6823580556,2805,0.0,0.0,52.819999694799996,80.1,59.0
2018-08-24,295.558508028,USW00094847,Detroit,108100,3728,371,,0.0,0.028188510790091797,2.6600001109491864,-3.0,272,,-0.2625122070325001,66.9873352051,316.5,42.2809236111,-83.6823691667,2808,0.0,0.0,55.0299987793,80.1,59.0
2018-08-24,295.558508028,USW00094847,Detroit,111200,3728,371,,0.0,0.036044795939886264,2.723689626925798,0.0,269,,8.159973144526,66.9873352051,317.3,42.2813411111,-83.6823980556,2812,0.0,0.0,56.6399993896,80.1,59.0
2018-08-24,295.558508028,USW00094847,Detroit,114300,3728,371,,0.0,0.02659222175974079,2.759015557203409,2.0,269,,-17.3625030517575,66.9873352051,318.5,42.2817686111,-83.6824244444,2817,0.0,0.0,56.3600006104,80.1,59.0
2018-08-24,295.558508028,USW00094847,Detroit,117500,3728,371,,0.0,0.03562316463980801,2.7112148657240684,0.0,271,,-39.76002197266,66.9873352051,315.2,42.282201666700004,-83.6824366667,2821,0.0,0.0,54.7399978638,80.1,59.0
2018-08-24,295.558508028,USW00094847,Detroit,120700,3728,371,,0.0,0.05576781675704572,2.472379369303229,2.0,271,,-23.07141985214286,66.9873352051,313.35714285714283,42.2826272222,-83.68243916670002,2826,0.0,0.0,51.6699981689,80.1,59.0
2018-08-24,295.558508028,USW00094847,Detroit,123700,3728,371,,0.0,0.029273144205922752,3.3624725541424527,0.0,273,,-25.850006103524997,66.9873352051,315.5,42.283015277800004,-83.6824152778,2833,0.0,0.0,50.7000007629,80.1,59.0
2018-08-24,295.558508028,USW00094847,Detroit,125800,3728,371,,0.0,0.019498930602978946,1.7274977760909973,-4.0,273,,-44.63334147136666,66.9873352051,312.8333333333333,42.2835430556,-83.6824138889,2837,0.0,0.0,52.1499977112,80.1,59.0
2018-08-24,295.558508028,USW00094847,Detroit,130000,3728,371,,0.0,0.0378777320007567,3.5364980293509842,0.0,269,,-37.820007324239995,66.9873352051,311.5,42.2838141667,-83.6823777778,2840,0.0,0.0,53.6399993896,80.1,59.0
2018-08-24,295.558508028,USW00094847,Detroit,133100,3728,371,,0.0,0.027839138456954984,2.66011912478716,-1.0,269,,-36.88749694825,66.9873352051,312.5,42.2843691667,-83.6822977778,2845,0.0,0.0,54.219997406000005,80.1,59.0
2018-08-24,295.558508028,USW00094847,Detroit,136200,3728,371,,0.0,0.03727319709838279,2.5891223229114004,0.0,268,,-33.47000732424,66.9873352051,312.9,42.2847866667,-83.6822547222,2849,0.0,0.0,51.0399971008,80.1,59.0
2018-08-24,295.558508028,USW00094847,Detroit,139300,3728,371,,0.0,0.02944141906574088,2.419214652570928,5.0,268,,-52.38751220705,66.9873352051,313.5,42.2851930556,-83.6822425,2854,0.0,0.0,52.1100006104,80.1,59.0
2018-08-24,295.558508028,USW00094847,Detroit,142500,3728,371,,0.0,0.0377781102470328,2.449313008798719,0.0,273,,-48.20002441408,66.9873352051,309.3,42.2855727778,-83.6822366667,2858,0.0,0.0,53.6499977112,80.1,59.0
2018-08-24,295.558508028,USW00094847,Detroit,145600,3728,371,,0.0,0.028376486118282616,2.4652248392219387,0.0,273,,8.96247863771,66.9873352051,306.5,42.2859572222,-83.682225,2863,0.0,0.0,50.3600006104,80.1,59.0
2018-08-24,295.558508028,USW00094847,Detroit,148700,3728,371,,0.0,0.02975605308809606,2.436959250947827,0.0,273,,-60.700012207025004,66.9873352051,317.5,42.2863441667,-83.6822283333,2867,0.0,0.0,54.069999694799996,80.1,59.0
2018-08-24,295.558508028,USW00094847,Detroit,150900,3728,371,,0.0,0.03659001410275337,2.699248030337879,2.0,273,,-61.420019531239994,63.645568847700005,316.1,42.2867266667,-83.6822483333,2871,0.0,-3.3417663573999903,56.3499984741,80.1,59.0
2018-08-24,295.558508028,USW00094847,Detroit,153900,3728,371,,0.0,0.017898164065924982,2.5098921839943205,0.0,275,,1.7166544596233333,63.645568847700005,310.5,42.2871502778,-83.6823086111,2876,0.0,0.0,53.47999954220001,80.1,59.0
2018-08-24,295.558508028,USW00094847,Detroit,157100,3728,371,,0.0,0.019464659454833114,2.262114554839736,0.0,275,,39.216634114566666,63.645568847700005,317.8333333333333,42.2875441667,-83.6823672222,2879,0.0,0.0,43.409999847399995,80.1,59.0
2018-08-24,295.558508028,USW00094847,Detroit,160300,3728,371,,0.0,0.03583570881789563,1.7061771244359227,-4.0,275,,68.424987792975,63.645568847700005,321.5,42.2878991667,-83.68242194439999,2882,0.0,0.0,29.109998703000002,80.1,59.0
2018-08-24,295.558508028,USW00094847,Detroit,163400,3728,371,,0.0,0.07042343616580078,0.7725552399923732,0.0,271,,10.63999023438,63.645568847700005,324.3,42.288166944400004,-83.6824522222,2886,0.0,0.0,28.529998779299998,80.1,59.0
2018-08-24,295.558508028,USW00094847,Detroit,166500,3728,371,,0.0,0.06382852562006311,0.29134994442665124,2.0,271,,-74.41000976564001,63.645568847700005,318.0,42.2882861111,-83.6826347222,2891,0.0,0.0,37.7599983215,80.1,59.0
2018-08-24,295.558508028,USW00094847,Detroit,169600,3728,371,,0.0,0.03748338903527122,0.31760712596179497,0.0,273,,-80.250030517575,63.645568847700005,307.5,42.288305,-83.6829736111,2896,0.0,0.0,45.180000305200004,80.1,59.0
2018-08-24,295.558508028,USW00094847,Detroit,172700,3728,371,,0.0,0.0432355810648696,0.3853808763963059,2.0,273,,-66.01000976564,63.645568847700005,307.8,42.2882961111,-83.6833727778,2900,0.0,0.0,48.2799987793,80.1,59.0
2018-08-24,295.558508028,USW00094847,Detroit,174800,3728,371,,0.0,0.020642940127020146,0.4036209073203564,0.0,275,,-54.45001220703333,63.645568847700005,308.0,42.2882841667,-83.68385527779999,2905,0.0,0.0,49.559997558599996,80.1,59.0
2018-08-24,295.558508028,USW00094847,Detroit,177900,3728,371,,0.0,0.029746966606005242,0.44272499696076656,1.0,275,,-63.2750091553,63.645568847700005,307.625,42.2882708333,-83.6843591667,2908,0.0,0.0,52.1899986267,80.1,59.0
2018-08-24,295.558508028,USW00094847,Detroit,181200,3728,371,,0.0,0.0470201730542796,0.4563956058543121,0.0,276,,-38.650004069026664,63.645568847700005,308.75,42.2882469444,-83.68489,2912,0.0,0.0,55.0399971008,80.1,59.0
2018-08-24,295.558508028,USW00094847,Detroit,184200,3728,371,,0.0,0.027140147040528376,0.4685834576945256,0.0,276,,-14.6000061035325,63.645568847700005,315.0,42.28823,-83.6854561111,2918,0.0,0.0,55.949996948199995,80.1,59.0
2018-08-24,295.558508028,USW00094847,Detroit,187300,3728,371,,0.0,0.026675573787622118,0.47266738992549107,0.0,276,,-15.9375,63.645568847700005,314.0,42.288215,-83.6860416667,2922,0.0,0.0,56.819999694799996,80.1,59.0
2018-08-24,295.558508028,USW00094847,Detroit,190500,3728,371,,0.0,0.026457060306182948,0.5000776799874845,-2.0,276,,-2.50001525878,63.645568847700005,313.0,42.2881958333,-83.6866244444,2926,0.0,0.0,56.47999954220001,80.1,59.0
2018-08-24,295.558508028,USW00094847,Detroit,193600,3728,371,,0.0,0.03531245109151976,0.5339171428216819,0.0,274,,1.0499877929700001,63.645568847700005,315.0,42.288165277800005,-83.6872122222,2930,0.0,0.0,57.3600006104,80.1,59.0
2018-08-24,295.558508028,USW00094847,Detroit,197700,3728,371,,0.0,0.0434284869467848,0.6312183268247297,0.0,274,,-12.441691080731667,63.645568847700005,314.75,42.288123055599996,-83.6878005556,2935,0.0,0.0,58.25,80.1,59.0
2018-08-24,295.558508028,USW00094847,Detroit,199800,3728,371,,0.0,0.017127475884183486,0.4854234732267139,-2.0,274,,-9.06669108073,63.645568847700005,314.0,42.2881111111,-83.6885997222,2941,0.0,0.0,58.9599990845,80.1,59.0
2018-08-24,295.558508028,USW00094847,Detroit,202900,3728,371,,0.0,0.02540236652971923,0.512848695440833,-1.0,272,,5.1249847412125,63.645568847700005,315.875,42.2880930556,-83.68920111109999,2944,0.0,0.0,59.5399971008,80.1,59.0
2018-08-24,295.558508028,USW00094847,Detroit,206400,3728,371,,0.0,0.03371774155921838,0.4974307267053015,0.0,271,,12.459997558586,63.645568847700005,316.9,42.2880619444,-83.6898041667,2948,0.0,0.0,57.819999694799996,80.1,59.0
2018-08-24,295.558508028,USW00094847,Detroit,209600,3728,371,,0.0,0.03618532346543475,0.4271635871878047,2.0,271,,9.379992675776,61.962020874,318.5,42.288033611100005,-83.690395,2953,0.0,-1.6835479737000083,49.9399986267,80.1,59.0
2018-08-24,295.558508028,USW00094847,Detroit,212300,3728,371,,0.0,0.041607419493870805,0.3700807758259576,0.0,273,,6.169995117188199,61.962020874,318.3,42.2880213889,-83.69093027779999,2958,0.0,0.0,43.1699981689,80.1,59.0
2018-08-24,295.558508028,USW00094847,Detroit,215400,3728,371,,0.0,0.035681811677000574,0.30529996068639964,0.0,273,,35.6374969482575,61.962020874,318.0,42.288011111100005,-83.69139444439999,2963,0.0,0.0,33.1800003052,80.1,59.0
2018-08-24,295.558508028,USW00094847,Detroit,218500,3728,371,,0.0,0.04672397208999922,0.240833993364536,-2.0,273,,28.612487792975003,61.962020874,318.75,42.2880047222,-83.69178000000002,2967,0.0,0.0,27.5699996948,80.1,59.0
2018-08-24,295.558508028,USW00094847,Detroit,221700,3728,371,,0.0,0.07612996338925702,0.15749001502018922,0.0,271,,42.369970703119996,61.962020874,320.0,42.2880005556,-83.69208499999998,2971,0.0,0.0,11.9099998474,80.1,59.0
2018-08-24,295.558508028,USW00094847,Detroit,224800,3728,371,,0.0,0.13786975804946028,0.13712545733732867,0.0,271,,-16.900024414075,61.962020874,321.5,42.288008611100004,-83.6922747222,2976,0.0,0.0,16.25,80.1,59.0
2018-08-24,295.558508028,USW00094847,Detroit,226900,3728,371,,0.0,0.07784277970929708,0.2252530579039554,0.0,271,,-47.83752441407499,61.962020874,316.75,42.2879919444,-83.6923852778,2980,0.0,0.0,25.1499996185,80.1,59.0
2018-08-24,295.558508028,USW00094847,Detroit,230000,3728,371,,0.0,0.033023251648485574,0.28652275579904285,-2.0,271,,-31.699991862,61.962020874,312.0,42.2879741667,-83.6926333333,2984,0.0,0.0,34.7999992371,80.1,59.0
2018-08-24,295.558508028,USW00094847,Detroit,233100,3728,371,,0.0,0.054839255018178185,0.324214212801877,0.0,269,,-0.09001464842999987,61.962020874,315.6,42.2879875,-83.69298194439999,2987,0.0,0.0,42.0999984741,80.1,59.0
2018-08-24,295.558508028,USW00094847,Detroit,236700,3728,371,,0.0,0.0442832824542418,0.3999011693283595,-5.0,269,,12.56999511718,61.962020874,318.2,42.2879958333,-83.6933894444,2992,0.0,0.0,51.09000015260001,80.1,59.0
2018-08-24,295.558508028,USW00094847,Detroit,238300,3728,371,,0.0,0.019124711217720657,0.0,0.0,264,,16.583333333333332,61.962020874,319.0,42.2879752778,-83.6938708333,2997,0.0,0.0,57.319999694799996,80.1,59.0
